schema_version,source_schema_version,publication_date,manifest_sha256,workload_manifest_sha256,raw_trials_sha256,binary_sha256,environment_sha256,result_schema_sha256,model,source_layer,scope,workload,population,metric,estimand,layer_count,observations_per_layer,n,availability,estimate,mean,sample_stdev,median,q1,q3,iqr,mean_ci95_low,mean_ci95_high,mean_ci95_method,quartile_method,min,max,unit,metric_definition
ringlpn.two-party-fc-model-scale.statistics.v3,ringlpn.two-party-fc-model-scale.v6,2026-08-10,6bd5e24f5e18eb744458d4aaf86d42a823857bc134ac1d4be25c95d49cf3c984,718570af4bf7afa523d029dfddcf0f3dae9e554c9c6e26b744999df193956f72,799f39ad2cc347a7a59a3efbe14d6ff3eaaf9dc843219414dc36d3e0a75793a1,bf4e4f9052b7575dcb6bb506d73d9786f2906881a8a74425242aca11489a18dd,fc8699fb14c3db9ecafb50e7207fea9a3057d21217b38be972c6cf48ff28a3c9,fb519e51c5e427da315ba5660588f239fd9381a3a6ce299464a50a042d7b9e43,CNN2,fc4,layer,all-fc,passing measured layer invocations; warmups excluded,party0_preprocess_us,measured layer arithmetic mean,1,10,10,complete,25447070,25447070,50571.622477432934344658682324336285079473704859072,25465100,25411575,25484875,73300,25410893.24061462716235492801650968519058660594966,25483246.75938537283764507198349031480941339405034,two-sided Student t confidence interval for the arithmetic mean; confidence=0.95; df=n-1,R-7 inclusive linear interpolation at probabilities 0.25 and 0.75,25352300,25512100,us,
ringlpn.two-party-fc-model-scale.statistics.v3,ringlpn.two-party-fc-model-scale.v6,2026-08-10,6bd5e24f5e18eb744458d4aaf86d42a823857bc134ac1d4be25c95d49cf3c984,718570af4bf7afa523d029dfddcf0f3dae9e554c9c6e26b744999df193956f72,799f39ad2cc347a7a59a3efbe14d6ff3eaaf9dc843219414dc36d3e0a75793a1,bf4e4f9052b7575dcb6bb506d73d9786f2906881a8a74425242aca11489a18dd,fc8699fb14c3db9ecafb50e7207fea9a3057d21217b38be972c6cf48ff28a3c9,fb519e51c5e427da315ba5660588f239fd9381a3a6ce299464a50a042d7b9e43,CNN2,fc4,layer,all-fc,passing measured layer invocations; warmups excluded,party1_preprocess_us,measured layer arithmetic mean,1,10,10,complete,25446870,25446870,50675.307377240227034713266607104793928740306894534,25465050,25410850,25484875,74025,25410619.068905505139307718619059495787359181729742,25483120.931094494860692281380940504212640818270258,two-sided Student t confidence interval for the arithmetic mean; confidence=0.95; df=n-1,R-7 inclusive linear interpolation at probabilities 0.25 and 0.75,25352300,25512000,us,
ringlpn.two-party-fc-model-scale.statistics.v3,ringlpn.two-party-fc-model-scale.v6,2026-08-10,6bd5e24f5e18eb744458d4aaf86d42a823857bc134ac1d4be25c95d49cf3c984,718570af4bf7afa523d029dfddcf0f3dae9e554c9c6e26b744999df193956f72,799f39ad2cc347a7a59a3efbe14d6ff3eaaf9dc843219414dc36d3e0a75793a1,bf4e4f9052b7575dcb6bb506d73d9786f2906881a8a74425242aca11489a18dd,fc8699fb14c3db9ecafb50e7207fea9a3057d21217b38be972c6cf48ff28a3c9,fb519e51c5e427da315ba5660588f239fd9381a3a6ce299464a50a042d7b9e43,CNN2,fc4,layer,all-fc,passing measured layer invocations; warmups excluded,critical_path_preprocess_us,measured layer arithmetic mean,1,10,10,complete,25447070,25447070,50571.622477432934344658682324336285079473704859072,25465100,25411575,25484875,73300,25410893.24061462716235492801650968519058660594966,25483246.75938537283764507198349031480941339405034,two-sided Student t confidence interval for the arithmetic mean; confidence=0.95; df=n-1,R-7 inclusive linear interpolation at probabilities 0.25 and 0.75,25352300,25512100,us,
ringlpn.two-party-fc-model-scale.statistics.v3,ringlpn.two-party-fc-model-scale.v6,2026-08-10,6bd5e24f5e18eb744458d4aaf86d42a823857bc134ac1d4be25c95d49cf3c984,718570af4bf7afa523d029dfddcf0f3dae9e554c9c6e26b744999df193956f72,799f39ad2cc347a7a59a3efbe14d6ff3eaaf9dc843219414dc36d3e0a75793a1,bf4e4f9052b7575dcb6bb506d73d9786f2906881a8a74425242aca11489a18dd,fc8699fb14c3db9ecafb50e7207fea9a3057d21217b38be972c6cf48ff28a3c9,fb519e51c5e427da315ba5660588f239fd9381a3a6ce299464a50a042d7b9e43,CNN2,fc4,layer,all-fc,passing measured layer invocations; warmups excluded,public_a_seed_words_total,measured layer arithmetic mean,1,10,10,complete,8,8,0,8,8,8,0,8,8,two-sided Student t confidence interval for the arithmetic mean; confidence=0.95; df=n-1,R-7 inclusive linear interpolation at probabilities 0.25 and 0.75,8,8,uint64_words,
ringlpn.two-party-fc-model-scale.statistics.v3,ringlpn.two-party-fc-model-scale.v6,2026-08-10,6bd5e24f5e18eb744458d4aaf86d42a823857bc134ac1d4be25c95d49cf3c984,718570af4bf7afa523d029dfddcf0f3dae9e554c9c6e26b744999df193956f72,799f39ad2cc347a7a59a3efbe14d6ff3eaaf9dc843219414dc36d3e0a75793a1,bf4e4f9052b7575dcb6bb506d73d9786f2906881a8a74425242aca11489a18dd,fc8699fb14c3db9ecafb50e7207fea9a3057d21217b38be972c6cf48ff28a3c9,fb519e51c5e427da315ba5660588f239fd9381a3a6ce299464a50a042d7b9e43,CNN2,fc4,layer,all-fc,passing measured layer invocations; warmups excluded,application_bytes_total,measured layer arithmetic mean,1,10,10,complete,1242084056,1242084056,0,1242084056,1242084056,1242084056,0,1242084056,1242084056,two-sided Student t confidence interval for the arithmetic mean; confidence=0.95; df=n-1,R-7 inclusive linear interpolation at probabilities 0.25 and 0.75,1242084056,1242084056,bytes,
ringlpn.two-party-fc-model-scale.statistics.v3,ringlpn.two-party-fc-model-scale.v6,2026-08-10,6bd5e24f5e18eb744458d4aaf86d42a823857bc134ac1d4be25c95d49cf3c984,718570af4bf7afa523d029dfddcf0f3dae9e554c9c6e26b744999df193956f72,799f39ad2cc347a7a59a3efbe14d6ff3eaaf9dc843219414dc36d3e0a75793a1,bf4e4f9052b7575dcb6bb506d73d9786f2906881a8a74425242aca11489a18dd,fc8699fb14c3db9ecafb50e7207fea9a3057d21217b38be972c6cf48ff28a3c9,fb519e51c5e427da315ba5660588f239fd9381a3a6ce299464a50a042d7b9e43,CNN2,fc4,layer,all-fc,passing measured layer invocations; warmups excluded,matched_dealer_keygen_us,measured layer arithmetic mean,1,10,10,complete,15572.39,15572.39,408.78664212248640668984342442626593676767203949369,15713.65,15457.45,15803.85,346.4,15279.961652489121597799269519095254838606368367059,15864.818347510878402200730480904745161393631632941,two-sided Student t confidence interval for the arithmetic mean; confidence=0.95; df=n-1,R-7 inclusive linear interpolation at probabilities 0.25 and 0.75,14547,15988.9,us,
ringlpn.two-party-fc-model-scale.statistics.v3,ringlpn.two-party-fc-model-scale.v6,2026-08-10,6bd5e24f5e18eb744458d4aaf86d42a823857bc134ac1d4be25c95d49cf3c984,718570af4bf7afa523d029dfddcf0f3dae9e554c9c6e26b744999df193956f72,799f39ad2cc347a7a59a3efbe14d6ff3eaaf9dc843219414dc36d3e0a75793a1,bf4e4f9052b7575dcb6bb506d73d9786f2906881a8a74425242aca11489a18dd,fc8699fb14c3db9ecafb50e7207fea9a3057d21217b38be972c6cf48ff28a3c9,fb519e51c5e427da315ba5660588f239fd9381a3a6ce299464a50a042d7b9e43,CNN2,fc4,layer,all-fc,passing measured layer invocations; warmups excluded,checker_two_share_online_us,measured layer arithmetic mean,1,10,10,complete,640.5218,640.5218,4.7293150972301358056282548432463563333706634058763,640.8275,637.49625,643.33825,5.842,637.13865178468510679855084407569530804298637228692,643.90494821531489320144915592430469195701362771308,two-sided Student t confidence interval for the arithmetic mean; confidence=0.95; df=n-1,R-7 inclusive linear interpolation at probabilities 0.25 and 0.75,632.648,648.924,us,
ringlpn.two-party-fc-model-scale.statistics.v3,ringlpn.two-party-fc-model-scale.v6,2026-08-10,6bd5e24f5e18eb744458d4aaf86d42a823857bc134ac1d4be25c95d49cf3c984,718570af4bf7afa523d029dfddcf0f3dae9e554c9c6e26b744999df193956f72,799f39ad2cc347a7a59a3efbe14d6ff3eaaf9dc843219414dc36d3e0a75793a1,bf4e4f9052b7575dcb6bb506d73d9786f2906881a8a74425242aca11489a18dd,fc8699fb14c3db9ecafb50e7207fea9a3057d21217b38be972c6cf48ff28a3c9,fb519e51c5e427da315ba5660588f239fd9381a3a6ce299464a50a042d7b9e43,CNN2,fc4,layer,all-fc,passing measured layer invocations; warmups excluded,preprocess_over_matched_dealer_ratio,mean of within-layer paired invocation ratios,1,10,10,complete,1635.1393878565507099588768256070814246955247656965,1635.1393878565507099588768256070814246955247656965,43.520768174111864045412333282501995717882123774273,1619.1055371445108873309989713589072562350068463266,1611.2095340860660653077553925606150479694846689527,1646.9686077746832703843716002441700780148487517635,35.7590736886172050766162076835550300453640828108,1604.006505790051564791106921124182989891496290679,1666.272269923049855126646730089979859499553240714,two-sided Student t confidence interval for the arithmetic mean; confidence=0.95; df=n-1,R-7 inclusive linear interpolation at probabilities 0.25 and 0.75,1595.6132066621218470313780185003346071336990036838,1746.9168900804289544235924932975871313672922252011,ratio,
ringlpn.two-party-fc-model-scale.statistics.v3,ringlpn.two-party-fc-model-scale.v6,2026-08-10,6bd5e24f5e18eb744458d4aaf86d42a823857bc134ac1d4be25c95d49cf3c984,718570af4bf7afa523d029dfddcf0f3dae9e554c9c6e26b744999df193956f72,799f39ad2cc347a7a59a3efbe14d6ff3eaaf9dc843219414dc36d3e0a75793a1,bf4e4f9052b7575dcb6bb506d73d9786f2906881a8a74425242aca11489a18dd,fc8699fb14c3db9ecafb50e7207fea9a3057d21217b38be972c6cf48ff28a3c9,fb519e51c5e427da315ba5660588f239fd9381a3a6ce299464a50a042d7b9e43,CNN2,fc4,layer,all-fc,passing measured layer invocations; warmups excluded,critical_path_setup_included_us,measured layer arithmetic mean,1,10,10,complete,25468795.2352,25468795.2352,50708.98705855623291865679250787563283651035982251,25489617.9265,25432193.048,25507084.699,74891.651,25432520.211112884843405366787705173831823855675921,25505070.259287115156594633212294826168176144324079,two-sided Student t confidence interval for the arithmetic mean; confidence=0.95; df=n-1,R-7 inclusive linear interpolation at probabilities 0.25 and 0.75,25373777.329,25531469.729,us,
ringlpn.two-party-fc-model-scale.statistics.v3,ringlpn.two-party-fc-model-scale.v6,2026-08-10,6bd5e24f5e18eb744458d4aaf86d42a823857bc134ac1d4be25c95d49cf3c984,718570af4bf7afa523d029dfddcf0f3dae9e554c9c6e26b744999df193956f72,799f39ad2cc347a7a59a3efbe14d6ff3eaaf9dc843219414dc36d3e0a75793a1,bf4e4f9052b7575dcb6bb506d73d9786f2906881a8a74425242aca11489a18dd,fc8699fb14c3db9ecafb50e7207fea9a3057d21217b38be972c6cf48ff28a3c9,fb519e51c5e427da315ba5660588f239fd9381a3a6ce299464a50a042d7b9e43,CNN2,fc4,layer,all-fc,passing measured layer invocations; warmups excluded,setup_included_preprocess_over_matched_dealer_ratio,mean of within-layer paired invocation ratios,1,10,10,complete,1636.5352925303160871431873201236135396165355226114,1636.5352925303160871431873201236135396165355226114,43.554779391924069737431445033464053477290071886297,1620.4107613243028590834243986094139715285315850718,1612.8387838367687891746163074347273207902019940787,1648.4209346555207250532595881647212037067840935789,35.5821508187519358786432807299938829165820995002,1605.3780803042745082240293326254987598324862506385,1667.6925047563576660623453076217283194005847945843,two-sided Student t confidence interval for the arithmetic mean; confidence=0.95; df=n-1,R-7 inclusive linear interpolation at probabilities 0.25 and 0.75,1596.8246551670221215968578201127031878365616146201,1748.4177332783391764625008592837011067574070255035,ratio,
ringlpn.two-party-fc-model-scale.statistics.v3,ringlpn.two-party-fc-model-scale.v6,2026-08-10,6bd5e24f5e18eb744458d4aaf86d42a823857bc134ac1d4be25c95d49cf3c984,718570af4bf7afa523d029dfddcf0f3dae9e554c9c6e26b744999df193956f72,799f39ad2cc347a7a59a3efbe14d6ff3eaaf9dc843219414dc36d3e0a75793a1,bf4e4f9052b7575dcb6bb506d73d9786f2906881a8a74425242aca11489a18dd,fc8699fb14c3db9ecafb50e7207fea9a3057d21217b38be972c6cf48ff28a3c9,fb519e51c5e427da315ba5660588f239fd9381a3a6ce299464a50a042d7b9e43,CNN2,fc4,layer,all-fc,passing measured layer invocations; warmups excluded,protocol_dependency_rounds,measured layer arithmetic mean,1,10,10,complete,69211,69211,0,69211,69211,69211,0,69211,69211,two-sided Student t confidence interval for the arithmetic mean; confidence=0.95; df=n-1,R-7 inclusive linear interpolation at probabilities 0.25 and 0.75,69211,69211,rounds,
ringlpn.two-party-fc-model-scale.statistics.v3,ringlpn.two-party-fc-model-scale.v6,2026-08-10,6bd5e24f5e18eb744458d4aaf86d42a823857bc134ac1d4be25c95d49cf3c984,718570af4bf7afa523d029dfddcf0f3dae9e554c9c6e26b744999df193956f72,799f39ad2cc347a7a59a3efbe14d6ff3eaaf9dc843219414dc36d3e0a75793a1,bf4e4f9052b7575dcb6bb506d73d9786f2906881a8a74425242aca11489a18dd,fc8699fb14c3db9ecafb50e7207fea9a3057d21217b38be972c6cf48ff28a3c9,fb519e51c5e427da315ba5660588f239fd9381a3a6ce299464a50a042d7b9e43,CNN2,fc4,layer,all-fc,passing measured layer invocations; warmups excluded,critical_path_preflight_us,measured layer arithmetic mean,1,10,10,complete,132.0996,132.0996,77.804681013419751697329819168476594856157545288726,136.4455,57.343,202.61175,145.26875,76.441484120205690799869435402756512921370536211994,187.75771587979430920013056459724348707862946378801,two-sided Student t confidence interval for the arithmetic mean; confidence=0.95; df=n-1,R-7 inclusive linear interpolation at probabilities 0.25 and 0.75,39.742,234.566,us,
ringlpn.two-party-fc-model-scale.statistics.v3,ringlpn.two-party-fc-model-scale.v6,2026-08-10,6bd5e24f5e18eb744458d4aaf86d42a823857bc134ac1d4be25c95d49cf3c984,718570af4bf7afa523d029dfddcf0f3dae9e554c9c6e26b744999df193956f72,799f39ad2cc347a7a59a3efbe14d6ff3eaaf9dc843219414dc36d3e0a75793a1,bf4e4f9052b7575dcb6bb506d73d9786f2906881a8a74425242aca11489a18dd,fc8699fb14c3db9ecafb50e7207fea9a3057d21217b38be972c6cf48ff28a3c9,fb519e51c5e427da315ba5660588f239fd9381a3a6ce299464a50a042d7b9e43,CNN2,fc4,layer,all-fc,passing measured layer invocations; warmups excluded,critical_path_ot_setup_us,measured layer arithmetic mean,1,10,10,complete,21780.48,21780.48,2678.887564228438792686409569627938548207864863136,21019.6,19695.275,23702.675,4007.4,19864.119280610259406214204713357271455455684028944,23696.840719389740593785795286642728544544315971056,two-sided Student t confidence interval for the arithmetic mean; confidence=0.95; df=n-1,R-7 inclusive linear interpolation at probabilities 0.25 and 0.75,18324.4,26314.8,us,
ringlpn.two-party-fc-model-scale.statistics.v3,ringlpn.two-party-fc-model-scale.v6,2026-08-10,6bd5e24f5e18eb744458d4aaf86d42a823857bc134ac1d4be25c95d49cf3c984,718570af4bf7afa523d029dfddcf0f3dae9e554c9c6e26b744999df193956f72,799f39ad2cc347a7a59a3efbe14d6ff3eaaf9dc843219414dc36d3e0a75793a1,bf4e4f9052b7575dcb6bb506d73d9786f2906881a8a74425242aca11489a18dd,fc8699fb14c3db9ecafb50e7207fea9a3057d21217b38be972c6cf48ff28a3c9,fb519e51c5e427da315ba5660588f239fd9381a3a6ce299464a50a042d7b9e43,CNN2,fc4,layer,all-fc,passing measured layer invocations; warmups excluded,critical_path_dpf_phase_a_us,measured layer arithmetic mean,1,10,10,complete,1672711,1672711,4750.448984628248331817140464751124641015923837594,1670390,1669807.5,1676842.5,7035,1669312.733512384860645374850209212228576067475133,1676109.266487615139354625149790787771423932524867,two-sided Student t confidence interval for the arithmetic mean; confidence=0.95; df=n-1,R-7 inclusive linear interpolation at probabilities 0.25 and 0.75,1666640,1680140,us,
ringlpn.two-party-fc-model-scale.statistics.v3,ringlpn.two-party-fc-model-scale.v6,2026-08-10,6bd5e24f5e18eb744458d4aaf86d42a823857bc134ac1d4be25c95d49cf3c984,718570af4bf7afa523d029dfddcf0f3dae9e554c9c6e26b744999df193956f72,799f39ad2cc347a7a59a3efbe14d6ff3eaaf9dc843219414dc36d3e0a75793a1,bf4e4f9052b7575dcb6bb506d73d9786f2906881a8a74425242aca11489a18dd,fc8699fb14c3db9ecafb50e7207fea9a3057d21217b38be972c6cf48ff28a3c9,fb519e51c5e427da315ba5660588f239fd9381a3a6ce299464a50a042d7b9e43,CNN2,fc4,layer,all-fc,passing measured layer invocations; warmups excluded,critical_path_dpf_phase_b_us,measured layer arithmetic mean,1,10,10,complete,13495210,13495210,45456.828114401275526028459137535334870675501886076,13483450,13456700,13538925,82225,13462692.14408484167570069275298888949200899985342,13527727.85591515832429930724701111050799100014658,two-sided Student t confidence interval for the arithmetic mean; confidence=0.95; df=n-1,R-7 inclusive linear interpolation at probabilities 0.25 and 0.75,13438800,13563800,us,
ringlpn.two-party-fc-model-scale.statistics.v3,ringlpn.two-party-fc-model-scale.v6,2026-08-10,6bd5e24f5e18eb744458d4aaf86d42a823857bc134ac1d4be25c95d49cf3c984,718570af4bf7afa523d029dfddcf0f3dae9e554c9c6e26b744999df193956f72,799f39ad2cc347a7a59a3efbe14d6ff3eaaf9dc843219414dc36d3e0a75793a1,bf4e4f9052b7575dcb6bb506d73d9786f2906881a8a74425242aca11489a18dd,fc8699fb14c3db9ecafb50e7207fea9a3057d21217b38be972c6cf48ff28a3c9,fb519e51c5e427da315ba5660588f239fd9381a3a6ce299464a50a042d7b9e43,CNN2,fc4,layer,all-fc,passing measured layer invocations; warmups excluded,critical_path_dpf_phase_c_us,measured layer arithmetic mean,1,10,10,complete,225360.4,225360.4,1877.2667009955369329450026684565181727241009679458,224835,224353.75,226869.5,2515.75,224017.48430109407974749471517941989355508759656462,226703.31569890592025250528482058010644491240343538,two-sided Student t confidence interval for the arithmetic mean; confidence=0.95; df=n-1,R-7 inclusive linear interpolation at probabilities 0.25 and 0.75,222625,228674,us,
ringlpn.two-party-fc-model-scale.statistics.v3,ringlpn.two-party-fc-model-scale.v6,2026-08-10,6bd5e24f5e18eb744458d4aaf86d42a823857bc134ac1d4be25c95d49cf3c984,718570af4bf7afa523d029dfddcf0f3dae9e554c9c6e26b744999df193956f72,799f39ad2cc347a7a59a3efbe14d6ff3eaaf9dc843219414dc36d3e0a75793a1,bf4e4f9052b7575dcb6bb506d73d9786f2906881a8a74425242aca11489a18dd,fc8699fb14c3db9ecafb50e7207fea9a3057d21217b38be972c6cf48ff28a3c9,fb519e51c5e427da315ba5660588f239fd9381a3a6ce299464a50a042d7b9e43,CNN2,fc4,layer,all-fc,passing measured layer invocations; warmups excluded,critical_path_spfss_grouping_us,measured layer arithmetic mean,1,10,10,complete,13712.16,13712.16,257.41196639714410224177575043076749160445477056804,13730.4,13549.825,13841.925,292.1,13528.018572158314831577550729406977588409180847935,13896.301427841685168422449270593022411590819152065,two-sided Student t confidence interval for the arithmetic mean; confidence=0.95; df=n-1,R-7 inclusive linear interpolation at probabilities 0.25 and 0.75,13250.5,14151.7,us,
ringlpn.two-party-fc-model-scale.statistics.v3,ringlpn.two-party-fc-model-scale.v6,2026-08-10,6bd5e24f5e18eb744458d4aaf86d42a823857bc134ac1d4be25c95d49cf3c984,718570af4bf7afa523d029dfddcf0f3dae9e554c9c6e26b744999df193956f72,799f39ad2cc347a7a59a3efbe14d6ff3eaaf9dc843219414dc36d3e0a75793a1,bf4e4f9052b7575dcb6bb506d73d9786f2906881a8a74425242aca11489a18dd,fc8699fb14c3db9ecafb50e7207fea9a3057d21217b38be972c6cf48ff28a3c9,fb519e51c5e427da315ba5660588f239fd9381a3a6ce299464a50a042d7b9e43,CNN2,fc4,layer,all-fc,passing measured layer invocations; warmups excluded,critical_path_public_polynomial_exchange_us,measured layer arithmetic mean,1,10,10,complete,310145.1,310145.1,1621.8476055275833330460204928587009186156073561566,310228,309450,311379.75,1929.75,308984.90011495386031877445843220960767893139644292,311305.29988504613968122554156779039232106860355708,two-sided Student t confidence interval for the arithmetic mean; confidence=0.95; df=n-1,R-7 inclusive linear interpolation at probabilities 0.25 and 0.75,307170,312225,us,"Legacy recorded key: joint public-seed setup once per layer (four seed-share words sent per party), plus local domain-separated SHAKE256 public-vector generation for every Ring-OLE; not coefficient-vector communication."
ringlpn.two-party-fc-model-scale.statistics.v3,ringlpn.two-party-fc-model-scale.v6,2026-08-10,6bd5e24f5e18eb744458d4aaf86d42a823857bc134ac1d4be25c95d49cf3c984,718570af4bf7afa523d029dfddcf0f3dae9e554c9c6e26b744999df193956f72,799f39ad2cc347a7a59a3efbe14d6ff3eaaf9dc843219414dc36d3e0a75793a1,bf4e4f9052b7575dcb6bb506d73d9786f2906881a8a74425242aca11489a18dd,fc8699fb14c3db9ecafb50e7207fea9a3057d21217b38be972c6cf48ff28a3c9,fb519e51c5e427da315ba5660588f239fd9381a3a6ce299464a50a042d7b9e43,CNN2,fc4,layer,all-fc,passing measured layer invocations; warmups excluded,critical_path_gpu_ringlpn_expansion_us,measured layer arithmetic mean,1,10,10,complete,7815972,7815972,12436.328325604073654386143638673144796879139596626,7815180,7805835,7825285,19450,7807075.5866473605591166691393434826461544148978336,7824868.4133526394408833308606565173538455851021664,two-sided Student t confidence interval for the arithmetic mean; confidence=0.95; df=n-1,R-7 inclusive linear interpolation at probabilities 0.25 and 0.75,7799570,7834620,us,
ringlpn.two-party-fc-model-scale.statistics.v3,ringlpn.two-party-fc-model-scale.v6,2026-08-10,6bd5e24f5e18eb744458d4aaf86d42a823857bc134ac1d4be25c95d49cf3c984,718570af4bf7afa523d029dfddcf0f3dae9e554c9c6e26b744999df193956f72,799f39ad2cc347a7a59a3efbe14d6ff3eaaf9dc843219414dc36d3e0a75793a1,bf4e4f9052b7575dcb6bb506d73d9786f2906881a8a74425242aca11489a18dd,fc8699fb14c3db9ecafb50e7207fea9a3057d21217b38be972c6cf48ff28a3c9,fb519e51c5e427da315ba5660588f239fd9381a3a6ce299464a50a042d7b9e43,CNN2,fc4,layer,all-fc,passing measured layer invocations; warmups excluded,critical_path_derandomization_openings_us,measured layer arithmetic mean,1,10,10,complete,577154.8,577154.8,2967.0425904144573524914515022683092076138209224091,576732,575450.75,578046,2595.25,575032.30559263793391476217159610560384796685306085,579277.29440736206608523782840389439615203314693915,two-sided Student t confidence interval for the arithmetic mean; confidence=0.95; df=n-1,R-7 inclusive linear interpolation at probabilities 0.25 and 0.75,573887,584175,us,
ringlpn.two-party-fc-model-scale.statistics.v3,ringlpn.two-party-fc-model-scale.v6,2026-08-10,6bd5e24f5e18eb744458d4aaf86d42a823857bc134ac1d4be25c95d49cf3c984,718570af4bf7afa523d029dfddcf0f3dae9e554c9c6e26b744999df193956f72,799f39ad2cc347a7a59a3efbe14d6ff3eaaf9dc843219414dc36d3e0a75793a1,bf4e4f9052b7575dcb6bb506d73d9786f2906881a8a74425242aca11489a18dd,fc8699fb14c3db9ecafb50e7207fea9a3057d21217b38be972c6cf48ff28a3c9,fb519e51c5e427da315ba5660588f239fd9381a3a6ce299464a50a042d7b9e43,CNN2,fc4,layer,all-fc,passing measured layer invocations; warmups excluded,critical_path_conversion_us,measured layer arithmetic mean,1,10,10,complete,480037.2,480037.2,7501.7139197208349244312025293758470151656089040182,480980.5,476032.5,485991.75,9959.25,474670.79714091145210066480804235961353442364250263,485403.60285908854789933519195764038646557635749737,two-sided Student t confidence interval for the arithmetic mean; confidence=0.95; df=n-1,R-7 inclusive linear interpolation at probabilities 0.25 and 0.75,465748,488224,us,
ringlpn.two-party-fc-model-scale.statistics.v3,ringlpn.two-party-fc-model-scale.v6,2026-08-10,6bd5e24f5e18eb744458d4aaf86d42a823857bc134ac1d4be25c95d49cf3c984,718570af4bf7afa523d029dfddcf0f3dae9e554c9c6e26b744999df193956f72,799f39ad2cc347a7a59a3efbe14d6ff3eaaf9dc843219414dc36d3e0a75793a1,bf4e4f9052b7575dcb6bb506d73d9786f2906881a8a74425242aca11489a18dd,fc8699fb14c3db9ecafb50e7207fea9a3057d21217b38be972c6cf48ff28a3c9,fb519e51c5e427da315ba5660588f239fd9381a3a6ce299464a50a042d7b9e43,CNN2,fc4,layer,all-fc,passing measured layer invocations; warmups excluded,critical_path_serialization_us,measured layer arithmetic mean,1,10,10,complete,1742.602,1742.602,106.49736530909005439825255793823186302140079926777,1707.33,1694.3975,1725.505,31.1075,1666.4183742584619632854058540180114946401535024748,1818.7856257415380367145941459819885053598464975252,two-sided Student t confidence interval for the arithmetic mean; confidence=0.95; df=n-1,R-7 inclusive linear interpolation at probabilities 0.25 and 0.75,1618.02,1942.52,us,
ringlpn.two-party-fc-model-scale.statistics.v3,ringlpn.two-party-fc-model-scale.v6,2026-08-10,6bd5e24f5e18eb744458d4aaf86d42a823857bc134ac1d4be25c95d49cf3c984,718570af4bf7afa523d029dfddcf0f3dae9e554c9c6e26b744999df193956f72,799f39ad2cc347a7a59a3efbe14d6ff3eaaf9dc843219414dc36d3e0a75793a1,bf4e4f9052b7575dcb6bb506d73d9786f2906881a8a74425242aca11489a18dd,fc8699fb14c3db9ecafb50e7207fea9a3057d21217b38be972c6cf48ff28a3c9,fb519e51c5e427da315ba5660588f239fd9381a3a6ce299464a50a042d7b9e43,CNN2,fc4,layer,all-fc,passing measured layer invocations; warmups excluded,critical_path_commit_us,measured layer arithmetic mean,1,10,10,complete,215.5264,215.5264,72.84943499239449222257706846016493066247681831531,178.6715,167.461,273.1245,105.6635,163.41305358212975721602688498399222420545735979222,267.63974641787024278397311501600777579454264020778,two-sided Student t confidence interval for the arithmetic mean; confidence=0.95; df=n-1,R-7 inclusive linear interpolation at probabilities 0.25 and 0.75,155.557,340.13,us,
ringlpn.two-party-fc-model-scale.statistics.v3,ringlpn.two-party-fc-model-scale.v6,2026-08-10,6bd5e24f5e18eb744458d4aaf86d42a823857bc134ac1d4be25c95d49cf3c984,718570af4bf7afa523d029dfddcf0f3dae9e554c9c6e26b744999df193956f72,799f39ad2cc347a7a59a3efbe14d6ff3eaaf9dc843219414dc36d3e0a75793a1,bf4e4f9052b7575dcb6bb506d73d9786f2906881a8a74425242aca11489a18dd,fc8699fb14c3db9ecafb50e7207fea9a3057d21217b38be972c6cf48ff28a3c9,fb519e51c5e427da315ba5660588f239fd9381a3a6ce299464a50a042d7b9e43,CNN2,fc4,layer,all-fc,passing measured layer invocations; warmups excluded,peak_host_rss_bytes,measured layer arithmetic mean,1,10,10,complete,305696768,305696768,814228.75622026516584454999076173188370847259477209,305911808,305149952,306157568,1007616,305114303.83619793023005976825519952674187978931881,306279232.16380206976994023174480047325812021068119,two-sided Student t confidence interval for the arithmetic mean; confidence=0.95; df=n-1,R-7 inclusive linear interpolation at probabilities 0.25 and 0.75,304168960,306728960,bytes,
ringlpn.two-party-fc-model-scale.statistics.v3,ringlpn.two-party-fc-model-scale.v6,2026-08-10,6bd5e24f5e18eb744458d4aaf86d42a823857bc134ac1d4be25c95d49cf3c984,718570af4bf7afa523d029dfddcf0f3dae9e554c9c6e26b744999df193956f72,799f39ad2cc347a7a59a3efbe14d6ff3eaaf9dc843219414dc36d3e0a75793a1,bf4e4f9052b7575dcb6bb506d73d9786f2906881a8a74425242aca11489a18dd,fc8699fb14c3db9ecafb50e7207fea9a3057d21217b38be972c6cf48ff28a3c9,fb519e51c5e427da315ba5660588f239fd9381a3a6ce299464a50a042d7b9e43,CNN2,fc4,layer,all-fc,passing measured layer invocations; warmups excluded,peak_gpu_bytes,measured layer arithmetic mean,1,10,10,complete,431095808,431095808,0,431095808,431095808,431095808,0,431095808,431095808,two-sided Student t confidence interval for the arithmetic mean; confidence=0.95; df=n-1,R-7 inclusive linear interpolation at probabilities 0.25 and 0.75,431095808,431095808,bytes,
ringlpn.two-party-fc-model-scale.statistics.v3,ringlpn.two-party-fc-model-scale.v6,2026-08-10,6bd5e24f5e18eb744458d4aaf86d42a823857bc134ac1d4be25c95d49cf3c984,718570af4bf7afa523d029dfddcf0f3dae9e554c9c6e26b744999df193956f72,799f39ad2cc347a7a59a3efbe14d6ff3eaaf9dc843219414dc36d3e0a75793a1,bf4e4f9052b7575dcb6bb506d73d9786f2906881a8a74425242aca11489a18dd,fc8699fb14c3db9ecafb50e7207fea9a3057d21217b38be972c6cf48ff28a3c9,fb519e51c5e427da315ba5660588f239fd9381a3a6ce299464a50a042d7b9e43,CNN2,fc4,layer,all-fc,passing measured layer invocations; warmups excluded,minimum_observed_gpu_free_bytes,measured layer arithmetic mean,1,10,10,complete,33395441664,33395441664,0,33395441664,33395441664,33395441664,0,33395441664,33395441664,two-sided Student t confidence interval for the arithmetic mean; confidence=0.95; df=n-1,R-7 inclusive linear interpolation at probabilities 0.25 and 0.75,33395441664,33395441664,bytes,
ringlpn.two-party-fc-model-scale.statistics.v3,ringlpn.two-party-fc-model-scale.v6,2026-08-10,6bd5e24f5e18eb744458d4aaf86d42a823857bc134ac1d4be25c95d49cf3c984,718570af4bf7afa523d029dfddcf0f3dae9e554c9c6e26b744999df193956f72,799f39ad2cc347a7a59a3efbe14d6ff3eaaf9dc843219414dc36d3e0a75793a1,bf4e4f9052b7575dcb6bb506d73d9786f2906881a8a74425242aca11489a18dd,fc8699fb14c3db9ecafb50e7207fea9a3057d21217b38be972c6cf48ff28a3c9,fb519e51c5e427da315ba5660588f239fd9381a3a6ce299464a50a042d7b9e43,CNN2,fc4,layer,all-fc,passing measured layer invocations; warmups excluded,transport_bytes_total_including_base_ot,measured layer arithmetic mean,1,10,10,complete,1242128036,1242128036,0,1242128036,1242128036,1242128036,0,1242128036,1242128036,two-sided Student t confidence interval for the arithmetic mean; confidence=0.95; df=n-1,R-7 inclusive linear interpolation at probabilities 0.25 and 0.75,1242128036,1242128036,bytes,
ringlpn.two-party-fc-model-scale.statistics.v3,ringlpn.two-party-fc-model-scale.v6,2026-08-10,6bd5e24f5e18eb744458d4aaf86d42a823857bc134ac1d4be25c95d49cf3c984,718570af4bf7afa523d029dfddcf0f3dae9e554c9c6e26b744999df193956f72,799f39ad2cc347a7a59a3efbe14d6ff3eaaf9dc843219414dc36d3e0a75793a1,bf4e4f9052b7575dcb6bb506d73d9786f2906881a8a74425242aca11489a18dd,fc8699fb14c3db9ecafb50e7207fea9a3057d21217b38be972c6cf48ff28a3c9,fb519e51c5e427da315ba5660588f239fd9381a3a6ce299464a50a042d7b9e43,CNN2,fc4,layer,all-fc,passing measured layer invocations; warmups excluded,base_ot_setup_bytes_total,measured layer arithmetic mean,1,10,10,complete,43658,43658,0,43658,43658,43658,0,43658,43658,two-sided Student t confidence interval for the arithmetic mean; confidence=0.95; df=n-1,R-7 inclusive linear interpolation at probabilities 0.25 and 0.75,43658,43658,bytes,
ringlpn.two-party-fc-model-scale.statistics.v3,ringlpn.two-party-fc-model-scale.v6,2026-08-10,6bd5e24f5e18eb744458d4aaf86d42a823857bc134ac1d4be25c95d49cf3c984,718570af4bf7afa523d029dfddcf0f3dae9e554c9c6e26b744999df193956f72,799f39ad2cc347a7a59a3efbe14d6ff3eaaf9dc843219414dc36d3e0a75793a1,bf4e4f9052b7575dcb6bb506d73d9786f2906881a8a74425242aca11489a18dd,fc8699fb14c3db9ecafb50e7207fea9a3057d21217b38be972c6cf48ff28a3c9,fb519e51c5e427da315ba5660588f239fd9381a3a6ce299464a50a042d7b9e43,CNN2,fc4,layer,all-fc,passing measured layer invocations; warmups excluded,checker_us,measured layer arithmetic mean,1,10,10,complete,173734.9,173734.9,1983.1330122925301261534520231508026273243185016101,173632,172404.5,174533,2128.5,172316.25210419813569447455901766743001728026926725,175153.54789580186430552544098233256998271973073275,two-sided Student t confidence interval for the arithmetic mean; confidence=0.95; df=n-1,R-7 inclusive linear interpolation at probabilities 0.25 and 0.75,171464,178223,us,
ringlpn.two-party-fc-model-scale.statistics.v3,ringlpn.two-party-fc-model-scale.v6,2026-08-10,6bd5e24f5e18eb744458d4aaf86d42a823857bc134ac1d4be25c95d49cf3c984,718570af4bf7afa523d029dfddcf0f3dae9e554c9c6e26b744999df193956f72,799f39ad2cc347a7a59a3efbe14d6ff3eaaf9dc843219414dc36d3e0a75793a1,bf4e4f9052b7575dcb6bb506d73d9786f2906881a8a74425242aca11489a18dd,fc8699fb14c3db9ecafb50e7207fea9a3057d21217b38be972c6cf48ff28a3c9,fb519e51c5e427da315ba5660588f239fd9381a3a6ce299464a50a042d7b9e43,CNN2,fc4,layer,all-fc,passing measured layer invocations; warmups excluded,checker_peak_host_rss_bytes,measured layer arithmetic mean,1,10,10,complete,134898892.8,134898892.8,314293.98013848259020060050322984460975597406173629,134916096,134728704,135045120,316416,134674060.43080293021824186027354459573170077053734,135123725.16919706978175813972645540426829922946266,two-sided Student t confidence interval for the arithmetic mean; confidence=0.95; df=n-1,R-7 inclusive linear interpolation at probabilities 0.25 and 0.75,134393856,135483392,bytes,
ringlpn.two-party-fc-model-scale.statistics.v3,ringlpn.two-party-fc-model-scale.v6,2026-08-10,6bd5e24f5e18eb744458d4aaf86d42a823857bc134ac1d4be25c95d49cf3c984,718570af4bf7afa523d029dfddcf0f3dae9e554c9c6e26b744999df193956f72,799f39ad2cc347a7a59a3efbe14d6ff3eaaf9dc843219414dc36d3e0a75793a1,bf4e4f9052b7575dcb6bb506d73d9786f2906881a8a74425242aca11489a18dd,fc8699fb14c3db9ecafb50e7207fea9a3057d21217b38be972c6cf48ff28a3c9,fb519e51c5e427da315ba5660588f239fd9381a3a6ce299464a50a042d7b9e43,CNN2,fc4,layer,all-fc,passing measured layer invocations; warmups excluded,checker_peak_gpu_bytes,measured layer arithmetic mean,1,10,10,complete,433192960,433192960,0,433192960,433192960,433192960,0,433192960,433192960,two-sided Student t confidence interval for the arithmetic mean; confidence=0.95; df=n-1,R-7 inclusive linear interpolation at probabilities 0.25 and 0.75,433192960,433192960,bytes,
ringlpn.two-party-fc-model-scale.statistics.v3,ringlpn.two-party-fc-model-scale.v6,2026-08-10,6bd5e24f5e18eb744458d4aaf86d42a823857bc134ac1d4be25c95d49cf3c984,718570af4bf7afa523d029dfddcf0f3dae9e554c9c6e26b744999df193956f72,799f39ad2cc347a7a59a3efbe14d6ff3eaaf9dc843219414dc36d3e0a75793a1,bf4e4f9052b7575dcb6bb506d73d9786f2906881a8a74425242aca11489a18dd,fc8699fb14c3db9ecafb50e7207fea9a3057d21217b38be972c6cf48ff28a3c9,fb519e51c5e427da315ba5660588f239fd9381a3a6ce299464a50a042d7b9e43,CNN2,fc4,layer,all-fc,passing measured layer invocations; warmups excluded,checker_min_gpu_free_bytes,measured layer arithmetic mean,1,10,10,complete,33393344512,33393344512,0,33393344512,33393344512,33393344512,0,33393344512,33393344512,two-sided Student t confidence interval for the arithmetic mean; confidence=0.95; df=n-1,R-7 inclusive linear interpolation at probabilities 0.25 and 0.75,33393344512,33393344512,bytes,
ringlpn.two-party-fc-model-scale.statistics.v3,ringlpn.two-party-fc-model-scale.v6,2026-08-10,6bd5e24f5e18eb744458d4aaf86d42a823857bc134ac1d4be25c95d49cf3c984,718570af4bf7afa523d029dfddcf0f3dae9e554c9c6e26b744999df193956f72,799f39ad2cc347a7a59a3efbe14d6ff3eaaf9dc843219414dc36d3e0a75793a1,bf4e4f9052b7575dcb6bb506d73d9786f2906881a8a74425242aca11489a18dd,fc8699fb14c3db9ecafb50e7207fea9a3057d21217b38be972c6cf48ff28a3c9,fb519e51c5e427da315ba5660588f239fd9381a3a6ce299464a50a042d7b9e43,CNN2,fc5,layer,all-fc,passing measured layer invocations; warmups excluded,party0_preprocess_us,measured layer arithmetic mean,1,10,10,complete,1392072,1392072,15195.17379521098688070721573483773720086647648687,1391955,1381637.5,1403692.5,22055,1381202.0274881713780519461381744845088106500118601,1402941.9725118286219480538618255154911893499881399,two-sided Student t confidence interval for the arithmetic mean; confidence=0.95; df=n-1,R-7 inclusive linear interpolation at probabilities 0.25 and 0.75,1367700,1415160,us,
ringlpn.two-party-fc-model-scale.statistics.v3,ringlpn.two-party-fc-model-scale.v6,2026-08-10,6bd5e24f5e18eb744458d4aaf86d42a823857bc134ac1d4be25c95d49cf3c984,718570af4bf7afa523d029dfddcf0f3dae9e554c9c6e26b744999df193956f72,799f39ad2cc347a7a59a3efbe14d6ff3eaaf9dc843219414dc36d3e0a75793a1,bf4e4f9052b7575dcb6bb506d73d9786f2906881a8a74425242aca11489a18dd,fc8699fb14c3db9ecafb50e7207fea9a3057d21217b38be972c6cf48ff28a3c9,fb519e51c5e427da315ba5660588f239fd9381a3a6ce299464a50a042d7b9e43,CNN2,fc5,layer,all-fc,passing measured layer invocations; warmups excluded,party1_preprocess_us,measured layer arithmetic mean,1,10,10,complete,1392081,1392081,15189.159474953034923631063852437338885435613825714,1391955,1381640,1403682.5,22042.5,1381215.3298737026232411981476195692459946108770622,1402946.6701262973767588018523804307540053891229378,two-sided Student t confidence interval for the arithmetic mean; confidence=0.95; df=n-1,R-7 inclusive linear interpolation at probabilities 0.25 and 0.75,1367710,1415190,us,
ringlpn.two-party-fc-model-scale.statistics.v3,ringlpn.two-party-fc-model-scale.v6,2026-08-10,6bd5e24f5e18eb744458d4aaf86d42a823857bc134ac1d4be25c95d49cf3c984,718570af4bf7afa523d029dfddcf0f3dae9e554c9c6e26b744999df193956f72,799f39ad2cc347a7a59a3efbe14d6ff3eaaf9dc843219414dc36d3e0a75793a1,bf4e4f9052b7575dcb6bb506d73d9786f2906881a8a74425242aca11489a18dd,fc8699fb14c3db9ecafb50e7207fea9a3057d21217b38be972c6cf48ff28a3c9,fb519e51c5e427da315ba5660588f239fd9381a3a6ce299464a50a042d7b9e43,CNN2,fc5,layer,all-fc,passing measured layer invocations; warmups excluded,critical_path_preprocess_us,measured layer arithmetic mean,1,10,10,complete,1392083,1392083,15190.796226663038218137716605602525897856304341467,1391955,1381640,1403692.5,22052.5,1381216.159012063513093267641467363640688524551672,1402949.840987936486906732358532636359311475448328,two-sided Student t confidence interval for the arithmetic mean; confidence=0.95; df=n-1,R-7 inclusive linear interpolation at probabilities 0.25 and 0.75,1367710,1415190,us,
ringlpn.two-party-fc-model-scale.statistics.v3,ringlpn.two-party-fc-model-scale.v6,2026-08-10,6bd5e24f5e18eb744458d4aaf86d42a823857bc134ac1d4be25c95d49cf3c984,718570af4bf7afa523d029dfddcf0f3dae9e554c9c6e26b744999df193956f72,799f39ad2cc347a7a59a3efbe14d6ff3eaaf9dc843219414dc36d3e0a75793a1,bf4e4f9052b7575dcb6bb506d73d9786f2906881a8a74425242aca11489a18dd,fc8699fb14c3db9ecafb50e7207fea9a3057d21217b38be972c6cf48ff28a3c9,fb519e51c5e427da315ba5660588f239fd9381a3a6ce299464a50a042d7b9e43,CNN2,fc5,layer,all-fc,passing measured layer invocations; warmups excluded,public_a_seed_words_total,measured layer arithmetic mean,1,10,10,complete,8,8,0,8,8,8,0,8,8,two-sided Student t confidence interval for the arithmetic mean; confidence=0.95; df=n-1,R-7 inclusive linear interpolation at probabilities 0.25 and 0.75,8,8,uint64_words,
ringlpn.two-party-fc-model-scale.statistics.v3,ringlpn.two-party-fc-model-scale.v6,2026-08-10,6bd5e24f5e18eb744458d4aaf86d42a823857bc134ac1d4be25c95d49cf3c984,718570af4bf7afa523d029dfddcf0f3dae9e554c9c6e26b744999df193956f72,799f39ad2cc347a7a59a3efbe14d6ff3eaaf9dc843219414dc36d3e0a75793a1,bf4e4f9052b7575dcb6bb506d73d9786f2906881a8a74425242aca11489a18dd,fc8699fb14c3db9ecafb50e7207fea9a3057d21217b38be972c6cf48ff28a3c9,fb519e51c5e427da315ba5660588f239fd9381a3a6ce299464a50a042d7b9e43,CNN2,fc5,layer,all-fc,passing measured layer invocations; warmups excluded,application_bytes_total,measured layer arithmetic mean,1,10,10,complete,60668680,60668680,0,60668680,60668680,60668680,0,60668680,60668680,two-sided Student t confidence interval for the arithmetic mean; confidence=0.95; df=n-1,R-7 inclusive linear interpolation at probabilities 0.25 and 0.75,60668680,60668680,bytes,
ringlpn.two-party-fc-model-scale.statistics.v3,ringlpn.two-party-fc-model-scale.v6,2026-08-10,6bd5e24f5e18eb744458d4aaf86d42a823857bc134ac1d4be25c95d49cf3c984,718570af4bf7afa523d029dfddcf0f3dae9e554c9c6e26b744999df193956f72,799f39ad2cc347a7a59a3efbe14d6ff3eaaf9dc843219414dc36d3e0a75793a1,bf4e4f9052b7575dcb6bb506d73d9786f2906881a8a74425242aca11489a18dd,fc8699fb14c3db9ecafb50e7207fea9a3057d21217b38be972c6cf48ff28a3c9,fb519e51c5e427da315ba5660588f239fd9381a3a6ce299464a50a042d7b9e43,CNN2,fc5,layer,all-fc,passing measured layer invocations; warmups excluded,matched_dealer_keygen_us,measured layer arithmetic mean,1,10,10,complete,14894.58,14894.58,136.91902554267451240271368111200218759598396792415,14848.35,14785.775,14954.325,168.55,14796.634029519274241238182275342182704539856339031,14992.525970480725758761817724657817295460143660969,two-sided Student t confidence interval for the arithmetic mean; confidence=0.95; df=n-1,R-7 inclusive linear interpolation at probabilities 0.25 and 0.75,14769.9,15158.7,us,
ringlpn.two-party-fc-model-scale.statistics.v3,ringlpn.two-party-fc-model-scale.v6,2026-08-10,6bd5e24f5e18eb744458d4aaf86d42a823857bc134ac1d4be25c95d49cf3c984,718570af4bf7afa523d029dfddcf0f3dae9e554c9c6e26b744999df193956f72,799f39ad2cc347a7a59a3efbe14d6ff3eaaf9dc843219414dc36d3e0a75793a1,bf4e4f9052b7575dcb6bb506d73d9786f2906881a8a74425242aca11489a18dd,fc8699fb14c3db9ecafb50e7207fea9a3057d21217b38be972c6cf48ff28a3c9,fb519e51c5e427da315ba5660588f239fd9381a3a6ce299464a50a042d7b9e43,CNN2,fc5,layer,all-fc,passing measured layer invocations; warmups excluded,checker_two_share_online_us,measured layer arithmetic mean,1,10,10,complete,345.47,345.47,1.8077357845289965567188300205839949007927768181227,345.6745,344.2855,346.3225,2.037,344.17682372236688866563450520494976638527301349763,346.76317627763311133436549479505023361472698650237,two-sided Student t confidence interval for the arithmetic mean; confidence=0.95; df=n-1,R-7 inclusive linear interpolation at probabilities 0.25 and 0.75,342.573,348.441,us,
ringlpn.two-party-fc-model-scale.statistics.v3,ringlpn.two-party-fc-model-scale.v6,2026-08-10,6bd5e24f5e18eb744458d4aaf86d42a823857bc134ac1d4be25c95d49cf3c984,718570af4bf7afa523d029dfddcf0f3dae9e554c9c6e26b744999df193956f72,799f39ad2cc347a7a59a3efbe14d6ff3eaaf9dc843219414dc36d3e0a75793a1,bf4e4f9052b7575dcb6bb506d73d9786f2906881a8a74425242aca11489a18dd,fc8699fb14c3db9ecafb50e7207fea9a3057d21217b38be972c6cf48ff28a3c9,fb519e51c5e427da315ba5660588f239fd9381a3a6ce299464a50a042d7b9e43,CNN2,fc5,layer,all-fc,passing measured layer invocations; warmups excluded,preprocess_over_matched_dealer_ratio,mean of within-layer paired invocation ratios,1,10,10,complete,93.465782301972121326817929208068992648529996415879,93.465782301972121326817929208068992648529996415879,1.0042754392749968584708354371276421930635242105989,93.612365611219694100353443434417904706697857639383,93.195651072315793109022373536458773128756549806374,93.87823258615362443651581230343344198698591035854,0.682581513837831327493438766974668858229360552166,92.747366930990031544547794528357488413983163643799,94.184197672954211109088063887780496883076829187959,two-sided Student t confidence interval for the arithmetic mean; confidence=0.95; df=n-1,R-7 inclusive linear interpolation at probabilities 0.25 and 0.75,91.389033663419262585361290408798727765973085301153,95.264593784060060791919684261120927178320707839991,ratio,
ringlpn.two-party-fc-model-scale.statistics.v3,ringlpn.two-party-fc-model-scale.v6,2026-08-10,6bd5e24f5e18eb744458d4aaf86d42a823857bc134ac1d4be25c95d49cf3c984,718570af4bf7afa523d029dfddcf0f3dae9e554c9c6e26b744999df193956f72,799f39ad2cc347a7a59a3efbe14d6ff3eaaf9dc843219414dc36d3e0a75793a1,bf4e4f9052b7575dcb6bb506d73d9786f2906881a8a74425242aca11489a18dd,fc8699fb14c3db9ecafb50e7207fea9a3057d21217b38be972c6cf48ff28a3c9,fb519e51c5e427da315ba5660588f239fd9381a3a6ce299464a50a042d7b9e43,CNN2,fc5,layer,all-fc,passing measured layer invocations; warmups excluded,critical_path_setup_included_us,measured layer arithmetic mean,1,10,10,complete,1413047.1013,1413047.1013,14992.686836433518329503112882133998254841713672168,1415389.1445,1401072.76575,1423310.5725,22237.80675,1402321.9792325018370516469010060170399659221370468,1423772.2233674981629483530989939829600340778629532,two-sided Student t confidence interval for the arithmetic mean; confidence=0.95; df=n-1,R-7 inclusive linear interpolation at probabilities 0.25 and 0.75,1390674.057,1436941.308,us,
ringlpn.two-party-fc-model-scale.statistics.v3,ringlpn.two-party-fc-model-scale.v6,2026-08-10,6bd5e24f5e18eb744458d4aaf86d42a823857bc134ac1d4be25c95d49cf3c984,718570af4bf7afa523d029dfddcf0f3dae9e554c9c6e26b744999df193956f72,799f39ad2cc347a7a59a3efbe14d6ff3eaaf9dc843219414dc36d3e0a75793a1,bf4e4f9052b7575dcb6bb506d73d9786f2906881a8a74425242aca11489a18dd,fc8699fb14c3db9ecafb50e7207fea9a3057d21217b38be972c6cf48ff28a3c9,fb519e51c5e427da315ba5660588f239fd9381a3a6ce299464a50a042d7b9e43,CNN2,fc5,layer,all-fc,passing measured layer invocations; warmups excluded,setup_included_preprocess_over_matched_dealer_ratio,mean of within-layer paired invocation ratios,1,10,10,complete,94.87343979159911134745289247617934260775293853285,94.87343979159911134745289247617934260775293853285,1.0020672671238194848204919085240276006444417589065,94.907492446268921783045146726703618442320820811801,94.543947915635369086743436328383965191946810991864,95.281047277779259831335438114823217641024258961405,0.737099362143890744592001786439252449077447969541,94.156604051814938393373589324205618504961783896058,95.590275531383284301532195628153066710544093169642,two-sided Student t confidence interval for the arithmetic mean; confidence=0.95; df=n-1,R-7 inclusive linear interpolation at probabilities 0.25 and 0.75,92.923469310026861243635488914725574309425490117468,96.603391078887331857538401131894094789360737085102,ratio,
ringlpn.two-party-fc-model-scale.statistics.v3,ringlpn.two-party-fc-model-scale.v6,2026-08-10,6bd5e24f5e18eb744458d4aaf86d42a823857bc134ac1d4be25c95d49cf3c984,718570af4bf7afa523d029dfddcf0f3dae9e554c9c6e26b744999df193956f72,799f39ad2cc347a7a59a3efbe14d6ff3eaaf9dc843219414dc36d3e0a75793a1,bf4e4f9052b7575dcb6bb506d73d9786f2906881a8a74425242aca11489a18dd,fc8699fb14c3db9ecafb50e7207fea9a3057d21217b38be972c6cf48ff28a3c9,fb519e51c5e427da315ba5660588f239fd9381a3a6ce299464a50a042d7b9e43,CNN2,fc5,layer,all-fc,passing measured layer invocations; warmups excluded,protocol_dependency_rounds,measured layer arithmetic mean,1,10,10,complete,3067,3067,0,3067,3067,3067,0,3067,3067,two-sided Student t confidence interval for the arithmetic mean; confidence=0.95; df=n-1,R-7 inclusive linear interpolation at probabilities 0.25 and 0.75,3067,3067,rounds,
ringlpn.two-party-fc-model-scale.statistics.v3,ringlpn.two-party-fc-model-scale.v6,2026-08-10,6bd5e24f5e18eb744458d4aaf86d42a823857bc134ac1d4be25c95d49cf3c984,718570af4bf7afa523d029dfddcf0f3dae9e554c9c6e26b744999df193956f72,799f39ad2cc347a7a59a3efbe14d6ff3eaaf9dc843219414dc36d3e0a75793a1,bf4e4f9052b7575dcb6bb506d73d9786f2906881a8a74425242aca11489a18dd,fc8699fb14c3db9ecafb50e7207fea9a3057d21217b38be972c6cf48ff28a3c9,fb519e51c5e427da315ba5660588f239fd9381a3a6ce299464a50a042d7b9e43,CNN2,fc5,layer,all-fc,passing measured layer invocations; warmups excluded,critical_path_preflight_us,measured layer arithmetic mean,1,10,10,complete,129.0513,129.0513,121.67545630446593891253011635358687091996948879091,70.93,37.0015,186.59075,149.58925,42.009922045468696311066290497640486000697101983372,216.09267795453130368893370950235951399930289801663,two-sided Student t confidence interval for the arithmetic mean; confidence=0.95; df=n-1,R-7 inclusive linear interpolation at probabilities 0.25 and 0.75,19.906,345.383,us,
ringlpn.two-party-fc-model-scale.statistics.v3,ringlpn.two-party-fc-model-scale.v6,2026-08-10,6bd5e24f5e18eb744458d4aaf86d42a823857bc134ac1d4be25c95d49cf3c984,718570af4bf7afa523d029dfddcf0f3dae9e554c9c6e26b744999df193956f72,799f39ad2cc347a7a59a3efbe14d6ff3eaaf9dc843219414dc36d3e0a75793a1,bf4e4f9052b7575dcb6bb506d73d9786f2906881a8a74425242aca11489a18dd,fc8699fb14c3db9ecafb50e7207fea9a3057d21217b38be972c6cf48ff28a3c9,fb519e51c5e427da315ba5660588f239fd9381a3a6ce299464a50a042d7b9e43,CNN2,fc5,layer,all-fc,passing measured layer invocations; warmups excluded,critical_path_ot_setup_us,measured layer arithmetic mean,1,10,10,complete,20846.05,20846.05,2642.8770830500443671425574717937822508290878588298,19749.05,19292.2,21394.175,2101.975,18955.449627008550421793154454626132855616915626179,22736.650372991449578206845545373867144383084373821,two-sided Student t confidence interval for the arithmetic mean; confidence=0.95; df=n-1,R-7 inclusive linear interpolation at probabilities 0.25 and 0.75,18881.8,27526,us,
ringlpn.two-party-fc-model-scale.statistics.v3,ringlpn.two-party-fc-model-scale.v6,2026-08-10,6bd5e24f5e18eb744458d4aaf86d42a823857bc134ac1d4be25c95d49cf3c984,718570af4bf7afa523d029dfddcf0f3dae9e554c9c6e26b744999df193956f72,799f39ad2cc347a7a59a3efbe14d6ff3eaaf9dc843219414dc36d3e0a75793a1,bf4e4f9052b7575dcb6bb506d73d9786f2906881a8a74425242aca11489a18dd,fc8699fb14c3db9ecafb50e7207fea9a3057d21217b38be972c6cf48ff28a3c9,fb519e51c5e427da315ba5660588f239fd9381a3a6ce299464a50a042d7b9e43,CNN2,fc5,layer,all-fc,passing measured layer invocations; warmups excluded,critical_path_dpf_phase_a_us,measured layer arithmetic mean,1,10,10,complete,68933.82,68933.82,1128.057192994515977376794490313814628026134598661,69464.45,68041.525,69817.475,1775.95,68126.856496661492466714008885352549222010051904943,69740.783503338507533285991114647450777989948095057,two-sided Student t confidence interval for the arithmetic mean; confidence=0.95; df=n-1,R-7 inclusive linear interpolation at probabilities 0.25 and 0.75,67028.7,69968,us,
ringlpn.two-party-fc-model-scale.statistics.v3,ringlpn.two-party-fc-model-scale.v6,2026-08-10,6bd5e24f5e18eb744458d4aaf86d42a823857bc134ac1d4be25c95d49cf3c984,718570af4bf7afa523d029dfddcf0f3dae9e554c9c6e26b744999df193956f72,799f39ad2cc347a7a59a3efbe14d6ff3eaaf9dc843219414dc36d3e0a75793a1,bf4e4f9052b7575dcb6bb506d73d9786f2906881a8a74425242aca11489a18dd,fc8699fb14c3db9ecafb50e7207fea9a3057d21217b38be972c6cf48ff28a3c9,fb519e51c5e427da315ba5660588f239fd9381a3a6ce299464a50a042d7b9e43,CNN2,fc5,layer,all-fc,passing measured layer invocations; warmups excluded,critical_path_dpf_phase_b_us,measured layer arithmetic mean,1,10,10,complete,558772.8,558772.8,7547.4025966259117768655328005200656341194384933407,556201.5,553651,564388,10737,553373.71343036274305586470201603909738048740640429,564171.88656963725694413529798396090261951259359571,two-sided Student t confidence interval for the arithmetic mean; confidence=0.95; df=n-1,R-7 inclusive linear interpolation at probabilities 0.25 and 0.75,550522,572929,us,
ringlpn.two-party-fc-model-scale.statistics.v3,ringlpn.two-party-fc-model-scale.v6,2026-08-10,6bd5e24f5e18eb744458d4aaf86d42a823857bc134ac1d4be25c95d49cf3c984,718570af4bf7afa523d029dfddcf0f3dae9e554c9c6e26b744999df193956f72,799f39ad2cc347a7a59a3efbe14d6ff3eaaf9dc843219414dc36d3e0a75793a1,bf4e4f9052b7575dcb6bb506d73d9786f2906881a8a74425242aca11489a18dd,fc8699fb14c3db9ecafb50e7207fea9a3057d21217b38be972c6cf48ff28a3c9,fb519e51c5e427da315ba5660588f239fd9381a3a6ce299464a50a042d7b9e43,CNN2,fc5,layer,all-fc,passing measured layer invocations; warmups excluded,critical_path_dpf_phase_c_us,measured layer arithmetic mean,1,10,10,complete,16987.02,16987.02,847.41970947105071448020288160874624127729039005493,16817.45,16325.5,17367.925,1042.425,16380.812458574231374959983374360170085007310711274,17593.227541425768625040016625639829914992689288726,two-sided Student t confidence interval for the arithmetic mean; confidence=0.95; df=n-1,R-7 inclusive linear interpolation at probabilities 0.25 and 0.75,16053.1,18441.7,us,
ringlpn.two-party-fc-model-scale.statistics.v3,ringlpn.two-party-fc-model-scale.v6,2026-08-10,6bd5e24f5e18eb744458d4aaf86d42a823857bc134ac1d4be25c95d49cf3c984,718570af4bf7afa523d029dfddcf0f3dae9e554c9c6e26b744999df193956f72,799f39ad2cc347a7a59a3efbe14d6ff3eaaf9dc843219414dc36d3e0a75793a1,bf4e4f9052b7575dcb6bb506d73d9786f2906881a8a74425242aca11489a18dd,fc8699fb14c3db9ecafb50e7207fea9a3057d21217b38be972c6cf48ff28a3c9,fb519e51c5e427da315ba5660588f239fd9381a3a6ce299464a50a042d7b9e43,CNN2,fc5,layer,all-fc,passing measured layer invocations; warmups excluded,critical_path_spfss_grouping_us,measured layer arithmetic mean,1,10,10,complete,469.2816,469.2816,16.8950175311473938043455011802976014886254485308,469.2865,461.04875,477.46425,16.4155,457.19563253259829801733999597072183536405440395539,481.36756746740170198266000402927816463594559604461,two-sided Student t confidence interval for the arithmetic mean; confidence=0.95; df=n-1,R-7 inclusive linear interpolation at probabilities 0.25 and 0.75,442.877,502.837,us,
ringlpn.two-party-fc-model-scale.statistics.v3,ringlpn.two-party-fc-model-scale.v6,2026-08-10,6bd5e24f5e18eb744458d4aaf86d42a823857bc134ac1d4be25c95d49cf3c984,718570af4bf7afa523d029dfddcf0f3dae9e554c9c6e26b744999df193956f72,799f39ad2cc347a7a59a3efbe14d6ff3eaaf9dc843219414dc36d3e0a75793a1,bf4e4f9052b7575dcb6bb506d73d9786f2906881a8a74425242aca11489a18dd,fc8699fb14c3db9ecafb50e7207fea9a3057d21217b38be972c6cf48ff28a3c9,fb519e51c5e427da315ba5660588f239fd9381a3a6ce299464a50a042d7b9e43,CNN2,fc5,layer,all-fc,passing measured layer invocations; warmups excluded,critical_path_public_polynomial_exchange_us,measured layer arithmetic mean,1,10,10,complete,15605.7,15605.7,1806.312132495377998090808548864782490902273240491,15979.55,15143.025,16813.575,1670.55,14313.542141680836879436635080994870517775912823132,16897.857858319163120563364919005129482224087176868,two-sided Student t confidence interval for the arithmetic mean; confidence=0.95; df=n-1,R-7 inclusive linear interpolation at probabilities 0.25 and 0.75,12256.7,17888,us,"Legacy recorded key: joint public-seed setup once per layer (four seed-share words sent per party), plus local domain-separated SHAKE256 public-vector generation for every Ring-OLE; not coefficient-vector communication."
ringlpn.two-party-fc-model-scale.statistics.v3,ringlpn.two-party-fc-model-scale.v6,2026-08-10,6bd5e24f5e18eb744458d4aaf86d42a823857bc134ac1d4be25c95d49cf3c984,718570af4bf7afa523d029dfddcf0f3dae9e554c9c6e26b744999df193956f72,799f39ad2cc347a7a59a3efbe14d6ff3eaaf9dc843219414dc36d3e0a75793a1,bf4e4f9052b7575dcb6bb506d73d9786f2906881a8a74425242aca11489a18dd,fc8699fb14c3db9ecafb50e7207fea9a3057d21217b38be972c6cf48ff28a3c9,fb519e51c5e427da315ba5660588f239fd9381a3a6ce299464a50a042d7b9e43,CNN2,fc5,layer,all-fc,passing measured layer invocations; warmups excluded,critical_path_gpu_ringlpn_expansion_us,measured layer arithmetic mean,1,10,10,complete,319926.3,319926.3,2685.6708679790066768357764365290113400187179600772,319884.5,318392.25,320777.5,2385.25,318005.08679742699397351893058244724005366269365998,321847.51320257300602648106941755275994633730634002,two-sided Student t confidence interval for the arithmetic mean; confidence=0.95; df=n-1,R-7 inclusive linear interpolation at probabilities 0.25 and 0.75,316294,325225,us,
ringlpn.two-party-fc-model-scale.statistics.v3,ringlpn.two-party-fc-model-scale.v6,2026-08-10,6bd5e24f5e18eb744458d4aaf86d42a823857bc134ac1d4be25c95d49cf3c984,718570af4bf7afa523d029dfddcf0f3dae9e554c9c6e26b744999df193956f72,799f39ad2cc347a7a59a3efbe14d6ff3eaaf9dc843219414dc36d3e0a75793a1,bf4e4f9052b7575dcb6bb506d73d9786f2906881a8a74425242aca11489a18dd,fc8699fb14c3db9ecafb50e7207fea9a3057d21217b38be972c6cf48ff28a3c9,fb519e51c5e427da315ba5660588f239fd9381a3a6ce299464a50a042d7b9e43,CNN2,fc5,layer,all-fc,passing measured layer invocations; warmups excluded,critical_path_derandomization_openings_us,measured layer arithmetic mean,1,10,10,complete,22555.06,22555.06,452.1882380896993948995868013060908585622042833173,22480.5,22331.525,22644.15,312.625,22231.584021083827328098715176620023977140958044205,22878.535978916172671901284823379976022859041955795,two-sided Student t confidence interval for the arithmetic mean; confidence=0.95; df=n-1,R-7 inclusive linear interpolation at probabilities 0.25 and 0.75,21918.3,23477.9,us,
ringlpn.two-party-fc-model-scale.statistics.v3,ringlpn.two-party-fc-model-scale.v6,2026-08-10,6bd5e24f5e18eb744458d4aaf86d42a823857bc134ac1d4be25c95d49cf3c984,718570af4bf7afa523d029dfddcf0f3dae9e554c9c6e26b744999df193956f72,799f39ad2cc347a7a59a3efbe14d6ff3eaaf9dc843219414dc36d3e0a75793a1,bf4e4f9052b7575dcb6bb506d73d9786f2906881a8a74425242aca11489a18dd,fc8699fb14c3db9ecafb50e7207fea9a3057d21217b38be972c6cf48ff28a3c9,fb519e51c5e427da315ba5660588f239fd9381a3a6ce299464a50a042d7b9e43,CNN2,fc5,layer,all-fc,passing measured layer invocations; warmups excluded,critical_path_conversion_us,measured layer arithmetic mean,1,10,10,complete,40823.91,40823.91,2381.098583264082793995027651515342993588127567825,40187.6,39192.75,42881.125,3688.375,39120.574684665077648363570804189451350035202766336,42527.245315334922351636429195810548649964797233664,two-sided Student t confidence interval for the arithmetic mean; confidence=0.95; df=n-1,R-7 inclusive linear interpolation at probabilities 0.25 and 0.75,37470.1,44241.5,us,
ringlpn.two-party-fc-model-scale.statistics.v3,ringlpn.two-party-fc-model-scale.v6,2026-08-10,6bd5e24f5e18eb744458d4aaf86d42a823857bc134ac1d4be25c95d49cf3c984,718570af4bf7afa523d029dfddcf0f3dae9e554c9c6e26b744999df193956f72,799f39ad2cc347a7a59a3efbe14d6ff3eaaf9dc843219414dc36d3e0a75793a1,bf4e4f9052b7575dcb6bb506d73d9786f2906881a8a74425242aca11489a18dd,fc8699fb14c3db9ecafb50e7207fea9a3057d21217b38be972c6cf48ff28a3c9,fb519e51c5e427da315ba5660588f239fd9381a3a6ce299464a50a042d7b9e43,CNN2,fc5,layer,all-fc,passing measured layer invocations; warmups excluded,critical_path_serialization_us,measured layer arithmetic mean,1,10,10,complete,737.5307,737.5307,65.261150100619247020864041504860841893902864302406,716.3325,690.335,765.3615,75.0265,690.84568558393402074572953470023735856977549232761,784.21571441606597925427046529976264143022450767239,two-sided Student t confidence interval for the arithmetic mean; confidence=0.95; df=n-1,R-7 inclusive linear interpolation at probabilities 0.25 and 0.75,673.756,890.11,us,
ringlpn.two-party-fc-model-scale.statistics.v3,ringlpn.two-party-fc-model-scale.v6,2026-08-10,6bd5e24f5e18eb744458d4aaf86d42a823857bc134ac1d4be25c95d49cf3c984,718570af4bf7afa523d029dfddcf0f3dae9e554c9c6e26b744999df193956f72,799f39ad2cc347a7a59a3efbe14d6ff3eaaf9dc843219414dc36d3e0a75793a1,bf4e4f9052b7575dcb6bb506d73d9786f2906881a8a74425242aca11489a18dd,fc8699fb14c3db9ecafb50e7207fea9a3057d21217b38be972c6cf48ff28a3c9,fb519e51c5e427da315ba5660588f239fd9381a3a6ce299464a50a042d7b9e43,CNN2,fc5,layer,all-fc,passing measured layer invocations; warmups excluded,critical_path_commit_us,measured layer arithmetic mean,1,10,10,complete,164.2328,164.2328,20.048163228696150169532124765726813604332593233243,157.715,153.3975,168.53425,15.13675,149.89120798232511304951339904904178931801674864416,178.57439201767488695048660095095821068198325135584,two-sided Student t confidence interval for the arithmetic mean; confidence=0.95; df=n-1,R-7 inclusive linear interpolation at probabilities 0.25 and 0.75,139.602,206.296,us,
ringlpn.two-party-fc-model-scale.statistics.v3,ringlpn.two-party-fc-model-scale.v6,2026-08-10,6bd5e24f5e18eb744458d4aaf86d42a823857bc134ac1d4be25c95d49cf3c984,718570af4bf7afa523d029dfddcf0f3dae9e554c9c6e26b744999df193956f72,799f39ad2cc347a7a59a3efbe14d6ff3eaaf9dc843219414dc36d3e0a75793a1,bf4e4f9052b7575dcb6bb506d73d9786f2906881a8a74425242aca11489a18dd,fc8699fb14c3db9ecafb50e7207fea9a3057d21217b38be972c6cf48ff28a3c9,fb519e51c5e427da315ba5660588f239fd9381a3a6ce299464a50a042d7b9e43,CNN2,fc5,layer,all-fc,passing measured layer invocations; warmups excluded,peak_host_rss_bytes,measured layer arithmetic mean,1,10,10,complete,137545728,137545728,297318.37991695778181885094766761288391096182243124,137472000,137322496,137676800,354304,137333039.24365439509940040163166435953432944704999,137758416.75634560490059959836833564046567055295001,two-sided Student t confidence interval for the arithmetic mean; confidence=0.95; df=n-1,R-7 inclusive linear interpolation at probabilities 0.25 and 0.75,137261056,138219520,bytes,
ringlpn.two-party-fc-model-scale.statistics.v3,ringlpn.two-party-fc-model-scale.v6,2026-08-10,6bd5e24f5e18eb744458d4aaf86d42a823857bc134ac1d4be25c95d49cf3c984,718570af4bf7afa523d029dfddcf0f3dae9e554c9c6e26b744999df193956f72,799f39ad2cc347a7a59a3efbe14d6ff3eaaf9dc843219414dc36d3e0a75793a1,bf4e4f9052b7575dcb6bb506d73d9786f2906881a8a74425242aca11489a18dd,fc8699fb14c3db9ecafb50e7207fea9a3057d21217b38be972c6cf48ff28a3c9,fb519e51c5e427da315ba5660588f239fd9381a3a6ce299464a50a042d7b9e43,CNN2,fc5,layer,all-fc,passing measured layer invocations; warmups excluded,peak_gpu_bytes,measured layer arithmetic mean,1,10,10,complete,431095808,431095808,0,431095808,431095808,431095808,0,431095808,431095808,two-sided Student t confidence interval for the arithmetic mean; confidence=0.95; df=n-1,R-7 inclusive linear interpolation at probabilities 0.25 and 0.75,431095808,431095808,bytes,
ringlpn.two-party-fc-model-scale.statistics.v3,ringlpn.two-party-fc-model-scale.v6,2026-08-10,6bd5e24f5e18eb744458d4aaf86d42a823857bc134ac1d4be25c95d49cf3c984,718570af4bf7afa523d029dfddcf0f3dae9e554c9c6e26b744999df193956f72,799f39ad2cc347a7a59a3efbe14d6ff3eaaf9dc843219414dc36d3e0a75793a1,bf4e4f9052b7575dcb6bb506d73d9786f2906881a8a74425242aca11489a18dd,fc8699fb14c3db9ecafb50e7207fea9a3057d21217b38be972c6cf48ff28a3c9,fb519e51c5e427da315ba5660588f239fd9381a3a6ce299464a50a042d7b9e43,CNN2,fc5,layer,all-fc,passing measured layer invocations; warmups excluded,minimum_observed_gpu_free_bytes,measured layer arithmetic mean,1,10,10,complete,33395441664,33395441664,0,33395441664,33395441664,33395441664,0,33395441664,33395441664,two-sided Student t confidence interval for the arithmetic mean; confidence=0.95; df=n-1,R-7 inclusive linear interpolation at probabilities 0.25 and 0.75,33395441664,33395441664,bytes,
ringlpn.two-party-fc-model-scale.statistics.v3,ringlpn.two-party-fc-model-scale.v6,2026-08-10,6bd5e24f5e18eb744458d4aaf86d42a823857bc134ac1d4be25c95d49cf3c984,718570af4bf7afa523d029dfddcf0f3dae9e554c9c6e26b744999df193956f72,799f39ad2cc347a7a59a3efbe14d6ff3eaaf9dc843219414dc36d3e0a75793a1,bf4e4f9052b7575dcb6bb506d73d9786f2906881a8a74425242aca11489a18dd,fc8699fb14c3db9ecafb50e7207fea9a3057d21217b38be972c6cf48ff28a3c9,fb519e51c5e427da315ba5660588f239fd9381a3a6ce299464a50a042d7b9e43,CNN2,fc5,layer,all-fc,passing measured layer invocations; warmups excluded,transport_bytes_total_including_base_ot,measured layer arithmetic mean,1,10,10,complete,60712660,60712660,0,60712660,60712660,60712660,0,60712660,60712660,two-sided Student t confidence interval for the arithmetic mean; confidence=0.95; df=n-1,R-7 inclusive linear interpolation at probabilities 0.25 and 0.75,60712660,60712660,bytes,
ringlpn.two-party-fc-model-scale.statistics.v3,ringlpn.two-party-fc-model-scale.v6,2026-08-10,6bd5e24f5e18eb744458d4aaf86d42a823857bc134ac1d4be25c95d49cf3c984,718570af4bf7afa523d029dfddcf0f3dae9e554c9c6e26b744999df193956f72,799f39ad2cc347a7a59a3efbe14d6ff3eaaf9dc843219414dc36d3e0a75793a1,bf4e4f9052b7575dcb6bb506d73d9786f2906881a8a74425242aca11489a18dd,fc8699fb14c3db9ecafb50e7207fea9a3057d21217b38be972c6cf48ff28a3c9,fb519e51c5e427da315ba5660588f239fd9381a3a6ce299464a50a042d7b9e43,CNN2,fc5,layer,all-fc,passing measured layer invocations; warmups excluded,base_ot_setup_bytes_total,measured layer arithmetic mean,1,10,10,complete,43658,43658,0,43658,43658,43658,0,43658,43658,two-sided Student t confidence interval for the arithmetic mean; confidence=0.95; df=n-1,R-7 inclusive linear interpolation at probabilities 0.25 and 0.75,43658,43658,bytes,
ringlpn.two-party-fc-model-scale.statistics.v3,ringlpn.two-party-fc-model-scale.v6,2026-08-10,6bd5e24f5e18eb744458d4aaf86d42a823857bc134ac1d4be25c95d49cf3c984,718570af4bf7afa523d029dfddcf0f3dae9e554c9c6e26b744999df193956f72,799f39ad2cc347a7a59a3efbe14d6ff3eaaf9dc843219414dc36d3e0a75793a1,bf4e4f9052b7575dcb6bb506d73d9786f2906881a8a74425242aca11489a18dd,fc8699fb14c3db9ecafb50e7207fea9a3057d21217b38be972c6cf48ff28a3c9,fb519e51c5e427da315ba5660588f239fd9381a3a6ce299464a50a042d7b9e43,CNN2,fc5,layer,all-fc,passing measured layer invocations; warmups excluded,checker_us,measured layer arithmetic mean,1,10,10,complete,161514.9,161514.9,1643.531593855134870008167939761689059234097021542,161083,160455.75,162391.75,1936,160339.18832415475908907976964609809753058451005524,162690.61167584524091092023035390190246941548994476,two-sided Student t confidence interval for the arithmetic mean; confidence=0.95; df=n-1,R-7 inclusive linear interpolation at probabilities 0.25 and 0.75,159519,165098,us,
ringlpn.two-party-fc-model-scale.statistics.v3,ringlpn.two-party-fc-model-scale.v6,2026-08-10,6bd5e24f5e18eb744458d4aaf86d42a823857bc134ac1d4be25c95d49cf3c984,718570af4bf7afa523d029dfddcf0f3dae9e554c9c6e26b744999df193956f72,799f39ad2cc347a7a59a3efbe14d6ff3eaaf9dc843219414dc36d3e0a75793a1,bf4e4f9052b7575dcb6bb506d73d9786f2906881a8a74425242aca11489a18dd,fc8699fb14c3db9ecafb50e7207fea9a3057d21217b38be972c6cf48ff28a3c9,fb519e51c5e427da315ba5660588f239fd9381a3a6ce299464a50a042d7b9e43,CNN2,fc5,layer,all-fc,passing measured layer invocations; warmups excluded,checker_peak_host_rss_bytes,measured layer arithmetic mean,1,10,10,complete,129805926.4,129805926.4,198189.31482981394855254386192271496483230281545425,129855488,129662976,129925120,262144,129664150.30494689874100948662266752402835676969722,129947702.49505310125899051337733247597164323030278,two-sided Student t confidence interval for the arithmetic mean; confidence=0.95; df=n-1,R-7 inclusive linear interpolation at probabilities 0.25 and 0.75,129462272,130064384,bytes,
ringlpn.two-party-fc-model-scale.statistics.v3,ringlpn.two-party-fc-model-scale.v6,2026-08-10,6bd5e24f5e18eb744458d4aaf86d42a823857bc134ac1d4be25c95d49cf3c984,718570af4bf7afa523d029dfddcf0f3dae9e554c9c6e26b744999df193956f72,799f39ad2cc347a7a59a3efbe14d6ff3eaaf9dc843219414dc36d3e0a75793a1,bf4e4f9052b7575dcb6bb506d73d9786f2906881a8a74425242aca11489a18dd,fc8699fb14c3db9ecafb50e7207fea9a3057d21217b38be972c6cf48ff28a3c9,fb519e51c5e427da315ba5660588f239fd9381a3a6ce299464a50a042d7b9e43,CNN2,fc5,layer,all-fc,passing measured layer invocations; warmups excluded,checker_peak_gpu_bytes,measured layer arithmetic mean,1,10,10,complete,433192960,433192960,0,433192960,433192960,433192960,0,433192960,433192960,two-sided Student t confidence interval for the arithmetic mean; confidence=0.95; df=n-1,R-7 inclusive linear interpolation at probabilities 0.25 and 0.75,433192960,433192960,bytes,
ringlpn.two-party-fc-model-scale.statistics.v3,ringlpn.two-party-fc-model-scale.v6,2026-08-10,6bd5e24f5e18eb744458d4aaf86d42a823857bc134ac1d4be25c95d49cf3c984,718570af4bf7afa523d029dfddcf0f3dae9e554c9c6e26b744999df193956f72,799f39ad2cc347a7a59a3efbe14d6ff3eaaf9dc843219414dc36d3e0a75793a1,bf4e4f9052b7575dcb6bb506d73d9786f2906881a8a74425242aca11489a18dd,fc8699fb14c3db9ecafb50e7207fea9a3057d21217b38be972c6cf48ff28a3c9,fb519e51c5e427da315ba5660588f239fd9381a3a6ce299464a50a042d7b9e43,CNN2,fc5,layer,all-fc,passing measured layer invocations; warmups excluded,checker_min_gpu_free_bytes,measured layer arithmetic mean,1,10,10,complete,33393344512,33393344512,0,33393344512,33393344512,33393344512,0,33393344512,33393344512,two-sided Student t confidence interval for the arithmetic mean; confidence=0.95; df=n-1,R-7 inclusive linear interpolation at probabilities 0.25 and 0.75,33393344512,33393344512,bytes,
ringlpn.two-party-fc-model-scale.statistics.v3,ringlpn.two-party-fc-model-scale.v6,2026-08-10,6bd5e24f5e18eb744458d4aaf86d42a823857bc134ac1d4be25c95d49cf3c984,718570af4bf7afa523d029dfddcf0f3dae9e554c9c6e26b744999df193956f72,799f39ad2cc347a7a59a3efbe14d6ff3eaaf9dc843219414dc36d3e0a75793a1,bf4e4f9052b7575dcb6bb506d73d9786f2906881a8a74425242aca11489a18dd,fc8699fb14c3db9ecafb50e7207fea9a3057d21217b38be972c6cf48ff28a3c9,fb519e51c5e427da315ba5660588f239fd9381a3a6ce299464a50a042d7b9e43,CNN2,,model,all-fc,independently sampled layers; no measured joint model trials; warmups excluded,application_bytes_total,sum of independently sampled layer means,2,"{""fc4"":10,""fc5"":10}",NA,complete,1302752736,1302752736,NA,NA,NA,NA,NA,1302752736,1302752736,independent-layer stratified whole-observation-row bootstrap; 10000 resamples; seed=20260911; percentile 95% CI; R-7 endpoints; numeric rows sorted lexicographically without trial labels,not applicable: no measured joint model distribution,NA,NA,bytes,
ringlpn.two-party-fc-model-scale.statistics.v3,ringlpn.two-party-fc-model-scale.v6,2026-08-10,6bd5e24f5e18eb744458d4aaf86d42a823857bc134ac1d4be25c95d49cf3c984,718570af4bf7afa523d029dfddcf0f3dae9e554c9c6e26b744999df193956f72,799f39ad2cc347a7a59a3efbe14d6ff3eaaf9dc843219414dc36d3e0a75793a1,bf4e4f9052b7575dcb6bb506d73d9786f2906881a8a74425242aca11489a18dd,fc8699fb14c3db9ecafb50e7207fea9a3057d21217b38be972c6cf48ff28a3c9,fb519e51c5e427da315ba5660588f239fd9381a3a6ce299464a50a042d7b9e43,CNN2,,model,all-fc,independently sampled layers; no measured joint model trials; warmups excluded,base_ot_setup_bytes_total,sum of independently sampled layer means,2,"{""fc4"":10,""fc5"":10}",NA,complete,87316,87316,NA,NA,NA,NA,NA,87316,87316,independent-layer stratified whole-observation-row bootstrap; 10000 resamples; seed=20260911; percentile 95% CI; R-7 endpoints; numeric rows sorted lexicographically without trial labels,not applicable: no measured joint model distribution,NA,NA,bytes,
ringlpn.two-party-fc-model-scale.statistics.v3,ringlpn.two-party-fc-model-scale.v6,2026-08-10,6bd5e24f5e18eb744458d4aaf86d42a823857bc134ac1d4be25c95d49cf3c984,718570af4bf7afa523d029dfddcf0f3dae9e554c9c6e26b744999df193956f72,799f39ad2cc347a7a59a3efbe14d6ff3eaaf9dc843219414dc36d3e0a75793a1,bf4e4f9052b7575dcb6bb506d73d9786f2906881a8a74425242aca11489a18dd,fc8699fb14c3db9ecafb50e7207fea9a3057d21217b38be972c6cf48ff28a3c9,fb519e51c5e427da315ba5660588f239fd9381a3a6ce299464a50a042d7b9e43,CNN2,,model,all-fc,independently sampled layers; no measured joint model trials; warmups excluded,checker_two_share_online_us,sum of independently sampled layer means,2,"{""fc4"":10,""fc5"":10}",NA,complete,985.9918,985.9918,NA,NA,NA,NA,NA,983.0317325,988.892215,independent-layer stratified whole-observation-row bootstrap; 10000 resamples; seed=20260911; percentile 95% CI; R-7 endpoints; numeric rows sorted lexicographically without trial labels,not applicable: no measured joint model distribution,NA,NA,us,
ringlpn.two-party-fc-model-scale.statistics.v3,ringlpn.two-party-fc-model-scale.v6,2026-08-10,6bd5e24f5e18eb744458d4aaf86d42a823857bc134ac1d4be25c95d49cf3c984,718570af4bf7afa523d029dfddcf0f3dae9e554c9c6e26b744999df193956f72,799f39ad2cc347a7a59a3efbe14d6ff3eaaf9dc843219414dc36d3e0a75793a1,bf4e4f9052b7575dcb6bb506d73d9786f2906881a8a74425242aca11489a18dd,fc8699fb14c3db9ecafb50e7207fea9a3057d21217b38be972c6cf48ff28a3c9,fb519e51c5e427da315ba5660588f239fd9381a3a6ce299464a50a042d7b9e43,CNN2,,model,all-fc,independently sampled layers; no measured joint model trials; warmups excluded,checker_us,sum of independently sampled layer means,2,"{""fc4"":10,""fc5"":10}",NA,complete,335249.8,335249.8,NA,NA,NA,NA,NA,333840.395,336856.255,independent-layer stratified whole-observation-row bootstrap; 10000 resamples; seed=20260911; percentile 95% CI; R-7 endpoints; numeric rows sorted lexicographically without trial labels,not applicable: no measured joint model distribution,NA,NA,us,
ringlpn.two-party-fc-model-scale.statistics.v3,ringlpn.two-party-fc-model-scale.v6,2026-08-10,6bd5e24f5e18eb744458d4aaf86d42a823857bc134ac1d4be25c95d49cf3c984,718570af4bf7afa523d029dfddcf0f3dae9e554c9c6e26b744999df193956f72,799f39ad2cc347a7a59a3efbe14d6ff3eaaf9dc843219414dc36d3e0a75793a1,bf4e4f9052b7575dcb6bb506d73d9786f2906881a8a74425242aca11489a18dd,fc8699fb14c3db9ecafb50e7207fea9a3057d21217b38be972c6cf48ff28a3c9,fb519e51c5e427da315ba5660588f239fd9381a3a6ce299464a50a042d7b9e43,CNN2,,model,all-fc,independently sampled layers; no measured joint model trials; warmups excluded,critical_path_commit_us,sum of independently sampled layer means,2,"{""fc4"":10,""fc5"":10}",NA,complete,379.7592,379.7592,NA,NA,NA,NA,NA,338.8140875,427.66692,independent-layer stratified whole-observation-row bootstrap; 10000 resamples; seed=20260911; percentile 95% CI; R-7 endpoints; numeric rows sorted lexicographically without trial labels,not applicable: no measured joint model distribution,NA,NA,us,
ringlpn.two-party-fc-model-scale.statistics.v3,ringlpn.two-party-fc-model-scale.v6,2026-08-10,6bd5e24f5e18eb744458d4aaf86d42a823857bc134ac1d4be25c95d49cf3c984,718570af4bf7afa523d029dfddcf0f3dae9e554c9c6e26b744999df193956f72,799f39ad2cc347a7a59a3efbe14d6ff3eaaf9dc843219414dc36d3e0a75793a1,bf4e4f9052b7575dcb6bb506d73d9786f2906881a8a74425242aca11489a18dd,fc8699fb14c3db9ecafb50e7207fea9a3057d21217b38be972c6cf48ff28a3c9,fb519e51c5e427da315ba5660588f239fd9381a3a6ce299464a50a042d7b9e43,CNN2,,model,all-fc,independently sampled layers; no measured joint model trials; warmups excluded,critical_path_conversion_us,sum of independently sampled layer means,2,"{""fc4"":10,""fc5"":10}",NA,complete,520861.11,520861.11,NA,NA,NA,NA,NA,516065.75925,525229.4315,independent-layer stratified whole-observation-row bootstrap; 10000 resamples; seed=20260911; percentile 95% CI; R-7 endpoints; numeric rows sorted lexicographically without trial labels,not applicable: no measured joint model distribution,NA,NA,us,
ringlpn.two-party-fc-model-scale.statistics.v3,ringlpn.two-party-fc-model-scale.v6,2026-08-10,6bd5e24f5e18eb744458d4aaf86d42a823857bc134ac1d4be25c95d49cf3c984,718570af4bf7afa523d029dfddcf0f3dae9e554c9c6e26b744999df193956f72,799f39ad2cc347a7a59a3efbe14d6ff3eaaf9dc843219414dc36d3e0a75793a1,bf4e4f9052b7575dcb6bb506d73d9786f2906881a8a74425242aca11489a18dd,fc8699fb14c3db9ecafb50e7207fea9a3057d21217b38be972c6cf48ff28a3c9,fb519e51c5e427da315ba5660588f239fd9381a3a6ce299464a50a042d7b9e43,CNN2,,model,all-fc,independently sampled layers; no measured joint model trials; warmups excluded,critical_path_derandomization_openings_us,sum of independently sampled layer means,2,"{""fc4"":10,""fc5"":10}",NA,complete,599709.86,599709.86,NA,NA,NA,NA,NA,598159.5375,601607.481,independent-layer stratified whole-observation-row bootstrap; 10000 resamples; seed=20260911; percentile 95% CI; R-7 endpoints; numeric rows sorted lexicographically without trial labels,not applicable: no measured joint model distribution,NA,NA,us,
ringlpn.two-party-fc-model-scale.statistics.v3,ringlpn.two-party-fc-model-scale.v6,2026-08-10,6bd5e24f5e18eb744458d4aaf86d42a823857bc134ac1d4be25c95d49cf3c984,718570af4bf7afa523d029dfddcf0f3dae9e554c9c6e26b744999df193956f72,799f39ad2cc347a7a59a3efbe14d6ff3eaaf9dc843219414dc36d3e0a75793a1,bf4e4f9052b7575dcb6bb506d73d9786f2906881a8a74425242aca11489a18dd,fc8699fb14c3db9ecafb50e7207fea9a3057d21217b38be972c6cf48ff28a3c9,fb519e51c5e427da315ba5660588f239fd9381a3a6ce299464a50a042d7b9e43,CNN2,,model,all-fc,independently sampled layers; no measured joint model trials; warmups excluded,critical_path_dpf_phase_a_us,sum of independently sampled layer means,2,"{""fc4"":10,""fc5"":10}",NA,complete,1741644.82,1741644.82,NA,NA,NA,NA,NA,1738925.5945,1744663.64325,independent-layer stratified whole-observation-row bootstrap; 10000 resamples; seed=20260911; percentile 95% CI; R-7 endpoints; numeric rows sorted lexicographically without trial labels,not applicable: no measured joint model distribution,NA,NA,us,
ringlpn.two-party-fc-model-scale.statistics.v3,ringlpn.two-party-fc-model-scale.v6,2026-08-10,6bd5e24f5e18eb744458d4aaf86d42a823857bc134ac1d4be25c95d49cf3c984,718570af4bf7afa523d029dfddcf0f3dae9e554c9c6e26b744999df193956f72,799f39ad2cc347a7a59a3efbe14d6ff3eaaf9dc843219414dc36d3e0a75793a1,bf4e4f9052b7575dcb6bb506d73d9786f2906881a8a74425242aca11489a18dd,fc8699fb14c3db9ecafb50e7207fea9a3057d21217b38be972c6cf48ff28a3c9,fb519e51c5e427da315ba5660588f239fd9381a3a6ce299464a50a042d7b9e43,CNN2,,model,all-fc,independently sampled layers; no measured joint model trials; warmups excluded,critical_path_dpf_phase_b_us,sum of independently sampled layer means,2,"{""fc4"":10,""fc5"":10}",NA,complete,14053982.8,14053982.8,NA,NA,NA,NA,NA,14027740.57,14081773.55,independent-layer stratified whole-observation-row bootstrap; 10000 resamples; seed=20260911; percentile 95% CI; R-7 endpoints; numeric rows sorted lexicographically without trial labels,not applicable: no measured joint model distribution,NA,NA,us,
ringlpn.two-party-fc-model-scale.statistics.v3,ringlpn.two-party-fc-model-scale.v6,2026-08-10,6bd5e24f5e18eb744458d4aaf86d42a823857bc134ac1d4be25c95d49cf3c984,718570af4bf7afa523d029dfddcf0f3dae9e554c9c6e26b744999df193956f72,799f39ad2cc347a7a59a3efbe14d6ff3eaaf9dc843219414dc36d3e0a75793a1,bf4e4f9052b7575dcb6bb506d73d9786f2906881a8a74425242aca11489a18dd,fc8699fb14c3db9ecafb50e7207fea9a3057d21217b38be972c6cf48ff28a3c9,fb519e51c5e427da315ba5660588f239fd9381a3a6ce299464a50a042d7b9e43,CNN2,,model,all-fc,independently sampled layers; no measured joint model trials; warmups excluded,critical_path_dpf_phase_c_us,sum of independently sampled layer means,2,"{""fc4"":10,""fc5"":10}",NA,complete,242347.42,242347.42,NA,NA,NA,NA,NA,241166.52925,243591.374,independent-layer stratified whole-observation-row bootstrap; 10000 resamples; seed=20260911; percentile 95% CI; R-7 endpoints; numeric rows sorted lexicographically without trial labels,not applicable: no measured joint model distribution,NA,NA,us,
ringlpn.two-party-fc-model-scale.statistics.v3,ringlpn.two-party-fc-model-scale.v6,2026-08-10,6bd5e24f5e18eb744458d4aaf86d42a823857bc134ac1d4be25c95d49cf3c984,718570af4bf7afa523d029dfddcf0f3dae9e554c9c6e26b744999df193956f72,799f39ad2cc347a7a59a3efbe14d6ff3eaaf9dc843219414dc36d3e0a75793a1,bf4e4f9052b7575dcb6bb506d73d9786f2906881a8a74425242aca11489a18dd,fc8699fb14c3db9ecafb50e7207fea9a3057d21217b38be972c6cf48ff28a3c9,fb519e51c5e427da315ba5660588f239fd9381a3a6ce299464a50a042d7b9e43,CNN2,,model,all-fc,independently sampled layers; no measured joint model trials; warmups excluded,critical_path_gpu_ringlpn_expansion_us,sum of independently sampled layer means,2,"{""fc4"":10,""fc5"":10}",NA,complete,8135898.3,8135898.3,NA,NA,NA,NA,NA,8128597.16,8143575.0125,independent-layer stratified whole-observation-row bootstrap; 10000 resamples; seed=20260911; percentile 95% CI; R-7 endpoints; numeric rows sorted lexicographically without trial labels,not applicable: no measured joint model distribution,NA,NA,us,
ringlpn.two-party-fc-model-scale.statistics.v3,ringlpn.two-party-fc-model-scale.v6,2026-08-10,6bd5e24f5e18eb744458d4aaf86d42a823857bc134ac1d4be25c95d49cf3c984,718570af4bf7afa523d029dfddcf0f3dae9e554c9c6e26b744999df193956f72,799f39ad2cc347a7a59a3efbe14d6ff3eaaf9dc843219414dc36d3e0a75793a1,bf4e4f9052b7575dcb6bb506d73d9786f2906881a8a74425242aca11489a18dd,fc8699fb14c3db9ecafb50e7207fea9a3057d21217b38be972c6cf48ff28a3c9,fb519e51c5e427da315ba5660588f239fd9381a3a6ce299464a50a042d7b9e43,CNN2,,model,all-fc,independently sampled layers; no measured joint model trials; warmups excluded,critical_path_ot_setup_us,sum of independently sampled layer means,2,"{""fc4"":10,""fc5"":10}",NA,complete,42626.53,42626.53,NA,NA,NA,NA,NA,40502.62675,44992.17225,independent-layer stratified whole-observation-row bootstrap; 10000 resamples; seed=20260911; percentile 95% CI; R-7 endpoints; numeric rows sorted lexicographically without trial labels,not applicable: no measured joint model distribution,NA,NA,us,
ringlpn.two-party-fc-model-scale.statistics.v3,ringlpn.two-party-fc-model-scale.v6,2026-08-10,6bd5e24f5e18eb744458d4aaf86d42a823857bc134ac1d4be25c95d49cf3c984,718570af4bf7afa523d029dfddcf0f3dae9e554c9c6e26b744999df193956f72,799f39ad2cc347a7a59a3efbe14d6ff3eaaf9dc843219414dc36d3e0a75793a1,bf4e4f9052b7575dcb6bb506d73d9786f2906881a8a74425242aca11489a18dd,fc8699fb14c3db9ecafb50e7207fea9a3057d21217b38be972c6cf48ff28a3c9,fb519e51c5e427da315ba5660588f239fd9381a3a6ce299464a50a042d7b9e43,CNN2,,model,all-fc,independently sampled layers; no measured joint model trials; warmups excluded,critical_path_preflight_us,sum of independently sampled layer means,2,"{""fc4"":10,""fc5"":10}",NA,complete,261.1509,261.1509,NA,NA,NA,NA,NA,180.43628,350.2072,independent-layer stratified whole-observation-row bootstrap; 10000 resamples; seed=20260911; percentile 95% CI; R-7 endpoints; numeric rows sorted lexicographically without trial labels,not applicable: no measured joint model distribution,NA,NA,us,
ringlpn.two-party-fc-model-scale.statistics.v3,ringlpn.two-party-fc-model-scale.v6,2026-08-10,6bd5e24f5e18eb744458d4aaf86d42a823857bc134ac1d4be25c95d49cf3c984,718570af4bf7afa523d029dfddcf0f3dae9e554c9c6e26b744999df193956f72,799f39ad2cc347a7a59a3efbe14d6ff3eaaf9dc843219414dc36d3e0a75793a1,bf4e4f9052b7575dcb6bb506d73d9786f2906881a8a74425242aca11489a18dd,fc8699fb14c3db9ecafb50e7207fea9a3057d21217b38be972c6cf48ff28a3c9,fb519e51c5e427da315ba5660588f239fd9381a3a6ce299464a50a042d7b9e43,CNN2,,model,all-fc,independently sampled layers; no measured joint model trials; warmups excluded,critical_path_preprocess_us,sum of independently sampled layer means,2,"{""fc4"":10,""fc5"":10}",NA,complete,26839153,26839153,NA,NA,NA,NA,NA,26807348.825,26868988.725,independent-layer stratified whole-observation-row bootstrap; 10000 resamples; seed=20260911; percentile 95% CI; R-7 endpoints; numeric rows sorted lexicographically without trial labels,not applicable: no measured joint model distribution,NA,NA,us,
ringlpn.two-party-fc-model-scale.statistics.v3,ringlpn.two-party-fc-model-scale.v6,2026-08-10,6bd5e24f5e18eb744458d4aaf86d42a823857bc134ac1d4be25c95d49cf3c984,718570af4bf7afa523d029dfddcf0f3dae9e554c9c6e26b744999df193956f72,799f39ad2cc347a7a59a3efbe14d6ff3eaaf9dc843219414dc36d3e0a75793a1,bf4e4f9052b7575dcb6bb506d73d9786f2906881a8a74425242aca11489a18dd,fc8699fb14c3db9ecafb50e7207fea9a3057d21217b38be972c6cf48ff28a3c9,fb519e51c5e427da315ba5660588f239fd9381a3a6ce299464a50a042d7b9e43,CNN2,,model,all-fc,independently sampled layers; no measured joint model trials; warmups excluded,critical_path_public_polynomial_exchange_us,sum of independently sampled layer means,2,"{""fc4"":10,""fc5"":10}",NA,complete,325750.8,325750.8,NA,NA,NA,NA,NA,324238.35625,327144.20075,independent-layer stratified whole-observation-row bootstrap; 10000 resamples; seed=20260911; percentile 95% CI; R-7 endpoints; numeric rows sorted lexicographically without trial labels,not applicable: no measured joint model distribution,NA,NA,us,"Legacy recorded key: joint public-seed setup once per layer (four seed-share words sent per party), plus local domain-separated SHAKE256 public-vector generation for every Ring-OLE; not coefficient-vector communication."
ringlpn.two-party-fc-model-scale.statistics.v3,ringlpn.two-party-fc-model-scale.v6,2026-08-10,6bd5e24f5e18eb744458d4aaf86d42a823857bc134ac1d4be25c95d49cf3c984,718570af4bf7afa523d029dfddcf0f3dae9e554c9c6e26b744999df193956f72,799f39ad2cc347a7a59a3efbe14d6ff3eaaf9dc843219414dc36d3e0a75793a1,bf4e4f9052b7575dcb6bb506d73d9786f2906881a8a74425242aca11489a18dd,fc8699fb14c3db9ecafb50e7207fea9a3057d21217b38be972c6cf48ff28a3c9,fb519e51c5e427da315ba5660588f239fd9381a3a6ce299464a50a042d7b9e43,CNN2,,model,all-fc,independently sampled layers; no measured joint model trials; warmups excluded,critical_path_serialization_us,sum of independently sampled layer means,2,"{""fc4"":10,""fc5"":10}",NA,complete,2480.1327,2480.1327,NA,NA,NA,NA,NA,2412.7981075,2560.267615,independent-layer stratified whole-observation-row bootstrap; 10000 resamples; seed=20260911; percentile 95% CI; R-7 endpoints; numeric rows sorted lexicographically without trial labels,not applicable: no measured joint model distribution,NA,NA,us,
ringlpn.two-party-fc-model-scale.statistics.v3,ringlpn.two-party-fc-model-scale.v6,2026-08-10,6bd5e24f5e18eb744458d4aaf86d42a823857bc134ac1d4be25c95d49cf3c984,718570af4bf7afa523d029dfddcf0f3dae9e554c9c6e26b744999df193956f72,799f39ad2cc347a7a59a3efbe14d6ff3eaaf9dc843219414dc36d3e0a75793a1,bf4e4f9052b7575dcb6bb506d73d9786f2906881a8a74425242aca11489a18dd,fc8699fb14c3db9ecafb50e7207fea9a3057d21217b38be972c6cf48ff28a3c9,fb519e51c5e427da315ba5660588f239fd9381a3a6ce299464a50a042d7b9e43,CNN2,,model,all-fc,independently sampled layers; no measured joint model trials; warmups excluded,critical_path_setup_included_us,sum of independently sampled layer means,2,"{""fc4"":10,""fc5"":10}",NA,complete,26881842.3365,26881842.3365,NA,NA,NA,NA,NA,26849728.41498,26911767.3864825,independent-layer stratified whole-observation-row bootstrap; 10000 resamples; seed=20260911; percentile 95% CI; R-7 endpoints; numeric rows sorted lexicographically without trial labels,not applicable: no measured joint model distribution,NA,NA,us,
ringlpn.two-party-fc-model-scale.statistics.v3,ringlpn.two-party-fc-model-scale.v6,2026-08-10,6bd5e24f5e18eb744458d4aaf86d42a823857bc134ac1d4be25c95d49cf3c984,718570af4bf7afa523d029dfddcf0f3dae9e554c9c6e26b744999df193956f72,799f39ad2cc347a7a59a3efbe14d6ff3eaaf9dc843219414dc36d3e0a75793a1,bf4e4f9052b7575dcb6bb506d73d9786f2906881a8a74425242aca11489a18dd,fc8699fb14c3db9ecafb50e7207fea9a3057d21217b38be972c6cf48ff28a3c9,fb519e51c5e427da315ba5660588f239fd9381a3a6ce299464a50a042d7b9e43,CNN2,,model,all-fc,independently sampled layers; no measured joint model trials; warmups excluded,critical_path_spfss_grouping_us,sum of independently sampled layer means,2,"{""fc4"":10,""fc5"":10}",NA,complete,14181.4416,14181.4416,NA,NA,NA,NA,NA,14030.1708425,14332.988325,independent-layer stratified whole-observation-row bootstrap; 10000 resamples; seed=20260911; percentile 95% CI; R-7 endpoints; numeric rows sorted lexicographically without trial labels,not applicable: no measured joint model distribution,NA,NA,us,
ringlpn.two-party-fc-model-scale.statistics.v3,ringlpn.two-party-fc-model-scale.v6,2026-08-10,6bd5e24f5e18eb744458d4aaf86d42a823857bc134ac1d4be25c95d49cf3c984,718570af4bf7afa523d029dfddcf0f3dae9e554c9c6e26b744999df193956f72,799f39ad2cc347a7a59a3efbe14d6ff3eaaf9dc843219414dc36d3e0a75793a1,bf4e4f9052b7575dcb6bb506d73d9786f2906881a8a74425242aca11489a18dd,fc8699fb14c3db9ecafb50e7207fea9a3057d21217b38be972c6cf48ff28a3c9,fb519e51c5e427da315ba5660588f239fd9381a3a6ce299464a50a042d7b9e43,CNN2,,model,all-fc,independently sampled layers; no measured joint model trials; warmups excluded,matched_dealer_keygen_us,sum of independently sampled layer means,2,"{""fc4"":10,""fc5"":10}",NA,complete,30466.97,30466.97,NA,NA,NA,NA,NA,30191.39225,30689.16175,independent-layer stratified whole-observation-row bootstrap; 10000 resamples; seed=20260911; percentile 95% CI; R-7 endpoints; numeric rows sorted lexicographically without trial labels,not applicable: no measured joint model distribution,NA,NA,us,
ringlpn.two-party-fc-model-scale.statistics.v3,ringlpn.two-party-fc-model-scale.v6,2026-08-10,6bd5e24f5e18eb744458d4aaf86d42a823857bc134ac1d4be25c95d49cf3c984,718570af4bf7afa523d029dfddcf0f3dae9e554c9c6e26b744999df193956f72,799f39ad2cc347a7a59a3efbe14d6ff3eaaf9dc843219414dc36d3e0a75793a1,bf4e4f9052b7575dcb6bb506d73d9786f2906881a8a74425242aca11489a18dd,fc8699fb14c3db9ecafb50e7207fea9a3057d21217b38be972c6cf48ff28a3c9,fb519e51c5e427da315ba5660588f239fd9381a3a6ce299464a50a042d7b9e43,CNN2,,model,all-fc,independently sampled layers; no measured joint model trials; warmups excluded,party0_preprocess_us,sum of independently sampled layer means,2,"{""fc4"":10,""fc5"":10}",NA,complete,26839142,26839142,NA,NA,NA,NA,NA,26807333.825,26868979.625,independent-layer stratified whole-observation-row bootstrap; 10000 resamples; seed=20260911; percentile 95% CI; R-7 endpoints; numeric rows sorted lexicographically without trial labels,not applicable: no measured joint model distribution,NA,NA,us,
ringlpn.two-party-fc-model-scale.statistics.v3,ringlpn.two-party-fc-model-scale.v6,2026-08-10,6bd5e24f5e18eb744458d4aaf86d42a823857bc134ac1d4be25c95d49cf3c984,718570af4bf7afa523d029dfddcf0f3dae9e554c9c6e26b744999df193956f72,799f39ad2cc347a7a59a3efbe14d6ff3eaaf9dc843219414dc36d3e0a75793a1,bf4e4f9052b7575dcb6bb506d73d9786f2906881a8a74425242aca11489a18dd,fc8699fb14c3db9ecafb50e7207fea9a3057d21217b38be972c6cf48ff28a3c9,fb519e51c5e427da315ba5660588f239fd9381a3a6ce299464a50a042d7b9e43,CNN2,,model,all-fc,independently sampled layers; no measured joint model trials; warmups excluded,party1_preprocess_us,sum of independently sampled layer means,2,"{""fc4"":10,""fc5"":10}",NA,complete,26838951,26838951,NA,NA,NA,NA,NA,26806992.8,26868866.25,independent-layer stratified whole-observation-row bootstrap; 10000 resamples; seed=20260911; percentile 95% CI; R-7 endpoints; numeric rows sorted lexicographically without trial labels,not applicable: no measured joint model distribution,NA,NA,us,
ringlpn.two-party-fc-model-scale.statistics.v3,ringlpn.two-party-fc-model-scale.v6,2026-08-10,6bd5e24f5e18eb744458d4aaf86d42a823857bc134ac1d4be25c95d49cf3c984,718570af4bf7afa523d029dfddcf0f3dae9e554c9c6e26b744999df193956f72,799f39ad2cc347a7a59a3efbe14d6ff3eaaf9dc843219414dc36d3e0a75793a1,bf4e4f9052b7575dcb6bb506d73d9786f2906881a8a74425242aca11489a18dd,fc8699fb14c3db9ecafb50e7207fea9a3057d21217b38be972c6cf48ff28a3c9,fb519e51c5e427da315ba5660588f239fd9381a3a6ce299464a50a042d7b9e43,CNN2,,model,all-fc,independently sampled layers; no measured joint model trials; warmups excluded,preprocess_over_matched_dealer_ratio_of_summed_layer_means,ratio of sums of independently sampled layer means,2,"{""fc4"":10,""fc5"":10}",NA,complete,880.92622929027730686707604989928437255165183803969,NA,NA,NA,NA,NA,NA,874.99755532538382687626628848078740501089643793503,888.72005342810608073115585272298173176582844603458,independent-layer stratified whole-observation-row bootstrap; 10000 resamples; seed=20260911; percentile 95% CI; R-7 endpoints; numeric rows sorted lexicographically without trial labels,not applicable: no measured joint model distribution,NA,NA,ratio,
ringlpn.two-party-fc-model-scale.statistics.v3,ringlpn.two-party-fc-model-scale.v6,2026-08-10,6bd5e24f5e18eb744458d4aaf86d42a823857bc134ac1d4be25c95d49cf3c984,718570af4bf7afa523d029dfddcf0f3dae9e554c9c6e26b744999df193956f72,799f39ad2cc347a7a59a3efbe14d6ff3eaaf9dc843219414dc36d3e0a75793a1,bf4e4f9052b7575dcb6bb506d73d9786f2906881a8a74425242aca11489a18dd,fc8699fb14c3db9ecafb50e7207fea9a3057d21217b38be972c6cf48ff28a3c9,fb519e51c5e427da315ba5660588f239fd9381a3a6ce299464a50a042d7b9e43,CNN2,,model,all-fc,independently sampled layers; no measured joint model trials; warmups excluded,protocol_dependency_rounds,sum of independently sampled layer means,2,"{""fc4"":10,""fc5"":10}",NA,complete,72278,72278,NA,NA,NA,NA,NA,72278,72278,independent-layer stratified whole-observation-row bootstrap; 10000 resamples; seed=20260911; percentile 95% CI; R-7 endpoints; numeric rows sorted lexicographically without trial labels,not applicable: no measured joint model distribution,NA,NA,rounds,
ringlpn.two-party-fc-model-scale.statistics.v3,ringlpn.two-party-fc-model-scale.v6,2026-08-10,6bd5e24f5e18eb744458d4aaf86d42a823857bc134ac1d4be25c95d49cf3c984,718570af4bf7afa523d029dfddcf0f3dae9e554c9c6e26b744999df193956f72,799f39ad2cc347a7a59a3efbe14d6ff3eaaf9dc843219414dc36d3e0a75793a1,bf4e4f9052b7575dcb6bb506d73d9786f2906881a8a74425242aca11489a18dd,fc8699fb14c3db9ecafb50e7207fea9a3057d21217b38be972c6cf48ff28a3c9,fb519e51c5e427da315ba5660588f239fd9381a3a6ce299464a50a042d7b9e43,CNN2,,model,all-fc,independently sampled layers; no measured joint model trials; warmups excluded,public_a_seed_words_total,sum of independently sampled layer means,2,"{""fc4"":10,""fc5"":10}",NA,complete,16,16,NA,NA,NA,NA,NA,16,16,independent-layer stratified whole-observation-row bootstrap; 10000 resamples; seed=20260911; percentile 95% CI; R-7 endpoints; numeric rows sorted lexicographically without trial labels,not applicable: no measured joint model distribution,NA,NA,uint64_words,
ringlpn.two-party-fc-model-scale.statistics.v3,ringlpn.two-party-fc-model-scale.v6,2026-08-10,6bd5e24f5e18eb744458d4aaf86d42a823857bc134ac1d4be25c95d49cf3c984,718570af4bf7afa523d029dfddcf0f3dae9e554c9c6e26b744999df193956f72,799f39ad2cc347a7a59a3efbe14d6ff3eaaf9dc843219414dc36d3e0a75793a1,bf4e4f9052b7575dcb6bb506d73d9786f2906881a8a74425242aca11489a18dd,fc8699fb14c3db9ecafb50e7207fea9a3057d21217b38be972c6cf48ff28a3c9,fb519e51c5e427da315ba5660588f239fd9381a3a6ce299464a50a042d7b9e43,CNN2,,model,all-fc,independently sampled layers; no measured joint model trials; warmups excluded,setup_included_preprocess_over_matched_dealer_ratio_of_summed_layer_means,ratio of sums of independently sampled layer means,2,"{""fc4"":10,""fc5"":10}",NA,complete,882.32739706311457949379278608932886992044171113832,NA,NA,NA,NA,NA,NA,876.38720841034894305863771421508271800738728885677,890.13957071864577272739724778923845118721912850279,independent-layer stratified whole-observation-row bootstrap; 10000 resamples; seed=20260911; percentile 95% CI; R-7 endpoints; numeric rows sorted lexicographically without trial labels,not applicable: no measured joint model distribution,NA,NA,ratio,
ringlpn.two-party-fc-model-scale.statistics.v3,ringlpn.two-party-fc-model-scale.v6,2026-08-10,6bd5e24f5e18eb744458d4aaf86d42a823857bc134ac1d4be25c95d49cf3c984,718570af4bf7afa523d029dfddcf0f3dae9e554c9c6e26b744999df193956f72,799f39ad2cc347a7a59a3efbe14d6ff3eaaf9dc843219414dc36d3e0a75793a1,bf4e4f9052b7575dcb6bb506d73d9786f2906881a8a74425242aca11489a18dd,fc8699fb14c3db9ecafb50e7207fea9a3057d21217b38be972c6cf48ff28a3c9,fb519e51c5e427da315ba5660588f239fd9381a3a6ce299464a50a042d7b9e43,CNN2,,model,all-fc,independently sampled layers; no measured joint model trials; warmups excluded,transport_bytes_total_including_base_ot,sum of independently sampled layer means,2,"{""fc4"":10,""fc5"":10}",NA,complete,1302840696,1302840696,NA,NA,NA,NA,NA,1302840696,1302840696,independent-layer stratified whole-observation-row bootstrap; 10000 resamples; seed=20260911; percentile 95% CI; R-7 endpoints; numeric rows sorted lexicographically without trial labels,not applicable: no measured joint model distribution,NA,NA,bytes,
ringlpn.two-party-fc-model-scale.statistics.v3,ringlpn.two-party-fc-model-scale.v6,2026-08-10,6bd5e24f5e18eb744458d4aaf86d42a823857bc134ac1d4be25c95d49cf3c984,718570af4bf7afa523d029dfddcf0f3dae9e554c9c6e26b744999df193956f72,799f39ad2cc347a7a59a3efbe14d6ff3eaaf9dc843219414dc36d3e0a75793a1,bf4e4f9052b7575dcb6bb506d73d9786f2906881a8a74425242aca11489a18dd,fc8699fb14c3db9ecafb50e7207fea9a3057d21217b38be972c6cf48ff28a3c9,fb519e51c5e427da315ba5660588f239fd9381a3a6ce299464a50a042d7b9e43,CNN3,fc5,layer,all-fc,passing measured layer invocations; warmups excluded,party0_preprocess_us,measured layer arithmetic mean,1,10,10,complete,882991.7,882991.7,18631.418142779983003037867669635470650926253698468,883393,868404,896939.75,28535.75,869663.58636353524291897207221777665643885867562122,896319.81363646475708102792778222334356114132437878,two-sided Student t confidence interval for the arithmetic mean; confidence=0.95; df=n-1,R-7 inclusive linear interpolation at probabilities 0.25 and 0.75,857459,912662,us,
ringlpn.two-party-fc-model-scale.statistics.v3,ringlpn.two-party-fc-model-scale.v6,2026-08-10,6bd5e24f5e18eb744458d4aaf86d42a823857bc134ac1d4be25c95d49cf3c984,718570af4bf7afa523d029dfddcf0f3dae9e554c9c6e26b744999df193956f72,799f39ad2cc347a7a59a3efbe14d6ff3eaaf9dc843219414dc36d3e0a75793a1,bf4e4f9052b7575dcb6bb506d73d9786f2906881a8a74425242aca11489a18dd,fc8699fb14c3db9ecafb50e7207fea9a3057d21217b38be972c6cf48ff28a3c9,fb519e51c5e427da315ba5660588f239fd9381a3a6ce299464a50a042d7b9e43,CNN3,fc5,layer,all-fc,passing measured layer invocations; warmups excluded,party1_preprocess_us,measured layer arithmetic mean,1,10,10,complete,882493.5,882493.5,18548.39541577653557436836086831234937545771996374,883340,868398.5,896926.25,28527.75,869224.77724464967605000193191712671830572256894358,895762.22275535032394999806808287328169427743105642,two-sided Student t confidence interval for the arithmetic mean; confidence=0.95; df=n-1,R-7 inclusive linear interpolation at probabilities 0.25 and 0.75,855166,910085,us,
ringlpn.two-party-fc-model-scale.statistics.v3,ringlpn.two-party-fc-model-scale.v6,2026-08-10,6bd5e24f5e18eb744458d4aaf86d42a823857bc134ac1d4be25c95d49cf3c984,718570af4bf7afa523d029dfddcf0f3dae9e554c9c6e26b744999df193956f72,799f39ad2cc347a7a59a3efbe14d6ff3eaaf9dc843219414dc36d3e0a75793a1,bf4e4f9052b7575dcb6bb506d73d9786f2906881a8a74425242aca11489a18dd,fc8699fb14c3db9ecafb50e7207fea9a3057d21217b38be972c6cf48ff28a3c9,fb519e51c5e427da315ba5660588f239fd9381a3a6ce299464a50a042d7b9e43,CNN3,fc5,layer,all-fc,passing measured layer invocations; warmups excluded,critical_path_preprocess_us,measured layer arithmetic mean,1,10,10,complete,882995,882995,18631.68068401536102042588213214148777709459158761,883393,868404,896946.5,28542.5,869666.69855284941318499629613287465924816770803705,896323.30144715058681500370386712534075183229196295,two-sided Student t confidence interval for the arithmetic mean; confidence=0.95; df=n-1,R-7 inclusive linear interpolation at probabilities 0.25 and 0.75,857459,912662,us,
ringlpn.two-party-fc-model-scale.statistics.v3,ringlpn.two-party-fc-model-scale.v6,2026-08-10,6bd5e24f5e18eb744458d4aaf86d42a823857bc134ac1d4be25c95d49cf3c984,718570af4bf7afa523d029dfddcf0f3dae9e554c9c6e26b744999df193956f72,799f39ad2cc347a7a59a3efbe14d6ff3eaaf9dc843219414dc36d3e0a75793a1,bf4e4f9052b7575dcb6bb506d73d9786f2906881a8a74425242aca11489a18dd,fc8699fb14c3db9ecafb50e7207fea9a3057d21217b38be972c6cf48ff28a3c9,fb519e51c5e427da315ba5660588f239fd9381a3a6ce299464a50a042d7b9e43,CNN3,fc5,layer,all-fc,passing measured layer invocations; warmups excluded,public_a_seed_words_total,measured layer arithmetic mean,1,10,10,complete,8,8,0,8,8,8,0,8,8,two-sided Student t confidence interval for the arithmetic mean; confidence=0.95; df=n-1,R-7 inclusive linear interpolation at probabilities 0.25 and 0.75,8,8,uint64_words,
ringlpn.two-party-fc-model-scale.statistics.v3,ringlpn.two-party-fc-model-scale.v6,2026-08-10,6bd5e24f5e18eb744458d4aaf86d42a823857bc134ac1d4be25c95d49cf3c984,718570af4bf7afa523d029dfddcf0f3dae9e554c9c6e26b744999df193956f72,799f39ad2cc347a7a59a3efbe14d6ff3eaaf9dc843219414dc36d3e0a75793a1,bf4e4f9052b7575dcb6bb506d73d9786f2906881a8a74425242aca11489a18dd,fc8699fb14c3db9ecafb50e7207fea9a3057d21217b38be972c6cf48ff28a3c9,fb519e51c5e427da315ba5660588f239fd9381a3a6ce299464a50a042d7b9e43,CNN3,fc5,layer,all-fc,passing measured layer invocations; warmups excluded,application_bytes_total,measured layer arithmetic mean,1,10,10,complete,39432504,39432504,0,39432504,39432504,39432504,0,39432504,39432504,two-sided Student t confidence interval for the arithmetic mean; confidence=0.95; df=n-1,R-7 inclusive linear interpolation at probabilities 0.25 and 0.75,39432504,39432504,bytes,
ringlpn.two-party-fc-model-scale.statistics.v3,ringlpn.two-party-fc-model-scale.v6,2026-08-10,6bd5e24f5e18eb744458d4aaf86d42a823857bc134ac1d4be25c95d49cf3c984,718570af4bf7afa523d029dfddcf0f3dae9e554c9c6e26b744999df193956f72,799f39ad2cc347a7a59a3efbe14d6ff3eaaf9dc843219414dc36d3e0a75793a1,bf4e4f9052b7575dcb6bb506d73d9786f2906881a8a74425242aca11489a18dd,fc8699fb14c3db9ecafb50e7207fea9a3057d21217b38be972c6cf48ff28a3c9,fb519e51c5e427da315ba5660588f239fd9381a3a6ce299464a50a042d7b9e43,CNN3,fc5,layer,all-fc,passing measured layer invocations; warmups excluded,matched_dealer_keygen_us,measured layer arithmetic mean,1,10,10,complete,14921.46,14921.46,310.10696434187564587626348192880476785549339580777,14962.95,14610.225,15196.325,586.1,14699.622841468441250977487531412249531660101060688,15143.297158531558749022512468587750468339898939312,two-sided Student t confidence interval for the arithmetic mean; confidence=0.95; df=n-1,R-7 inclusive linear interpolation at probabilities 0.25 and 0.75,14515.6,15333.4,us,
ringlpn.two-party-fc-model-scale.statistics.v3,ringlpn.two-party-fc-model-scale.v6,2026-08-10,6bd5e24f5e18eb744458d4aaf86d42a823857bc134ac1d4be25c95d49cf3c984,718570af4bf7afa523d029dfddcf0f3dae9e554c9c6e26b744999df193956f72,799f39ad2cc347a7a59a3efbe14d6ff3eaaf9dc843219414dc36d3e0a75793a1,bf4e4f9052b7575dcb6bb506d73d9786f2906881a8a74425242aca11489a18dd,fc8699fb14c3db9ecafb50e7207fea9a3057d21217b38be972c6cf48ff28a3c9,fb519e51c5e427da315ba5660588f239fd9381a3a6ce299464a50a042d7b9e43,CNN3,fc5,layer,all-fc,passing measured layer invocations; warmups excluded,checker_two_share_online_us,measured layer arithmetic mean,1,10,10,complete,215.2785,215.2785,3.9916239037375363539284989865843511517782818991819,214.22,213.05225,215.91,2.85775,212.42306427442377811748614906078616252916996982019,218.13393572557622188251385093921383747083003017981,two-sided Student t confidence interval for the arithmetic mean; confidence=0.95; df=n-1,R-7 inclusive linear interpolation at probabilities 0.25 and 0.75,211.667,225.53,us,
ringlpn.two-party-fc-model-scale.statistics.v3,ringlpn.two-party-fc-model-scale.v6,2026-08-10,6bd5e24f5e18eb744458d4aaf86d42a823857bc134ac1d4be25c95d49cf3c984,718570af4bf7afa523d029dfddcf0f3dae9e554c9c6e26b744999df193956f72,799f39ad2cc347a7a59a3efbe14d6ff3eaaf9dc843219414dc36d3e0a75793a1,bf4e4f9052b7575dcb6bb506d73d9786f2906881a8a74425242aca11489a18dd,fc8699fb14c3db9ecafb50e7207fea9a3057d21217b38be972c6cf48ff28a3c9,fb519e51c5e427da315ba5660588f239fd9381a3a6ce299464a50a042d7b9e43,CNN3,fc5,layer,all-fc,passing measured layer invocations; warmups excluded,preprocess_over_matched_dealer_ratio,mean of within-layer paired invocation ratios,1,10,10,complete,59.209291688256536429309434481020468809764087740238,59.209291688256536429309434481020468809764087740238,2.1012836739612811305833226435148871280559246974195,59.01508744370218856684065812645288100162963233234,57.425224705950083891231433733964002162274672124952,61.058459932456150345965993669795118922327216294572,3.63323522650606645473455993583111676005254416962,57.706123900684927844332668128197165029667267775375,60.712459475828145014286200833843772589860907705101,two-sided Student t confidence interval for the arithmetic mean; confidence=0.95; df=n-1,R-7 inclusive linear interpolation at probabilities 0.25 and 0.75,56.759052095055272390282650426954392003706890845304,62.108665768377499217399588964653682305064445442544,ratio,
ringlpn.two-party-fc-model-scale.statistics.v3,ringlpn.two-party-fc-model-scale.v6,2026-08-10,6bd5e24f5e18eb744458d4aaf86d42a823857bc134ac1d4be25c95d49cf3c984,718570af4bf7afa523d029dfddcf0f3dae9e554c9c6e26b744999df193956f72,799f39ad2cc347a7a59a3efbe14d6ff3eaaf9dc843219414dc36d3e0a75793a1,bf4e4f9052b7575dcb6bb506d73d9786f2906881a8a74425242aca11489a18dd,fc8699fb14c3db9ecafb50e7207fea9a3057d21217b38be972c6cf48ff28a3c9,fb519e51c5e427da315ba5660588f239fd9381a3a6ce299464a50a042d7b9e43,CNN3,fc5,layer,all-fc,passing measured layer invocations; warmups excluded,critical_path_setup_included_us,measured layer arithmetic mean,1,10,10,complete,903894.393,903894.393,18971.159138072952470240449859695196901006546093307,904909.782,887802.207,916314.27525,28512.06825,890323.24329631107084271680188592666007207267324466,917465.54270368892915728319811407333992792732675534,two-sided Student t confidence interval for the arithmetic mean; confidence=0.95; df=n-1,R-7 inclusive linear interpolation at probabilities 0.25 and 0.75,879641.843,934417.131,us,
ringlpn.two-party-fc-model-scale.statistics.v3,ringlpn.two-party-fc-model-scale.v6,2026-08-10,6bd5e24f5e18eb744458d4aaf86d42a823857bc134ac1d4be25c95d49cf3c984,718570af4bf7afa523d029dfddcf0f3dae9e554c9c6e26b744999df193956f72,799f39ad2cc347a7a59a3efbe14d6ff3eaaf9dc843219414dc36d3e0a75793a1,bf4e4f9052b7575dcb6bb506d73d9786f2906881a8a74425242aca11489a18dd,fc8699fb14c3db9ecafb50e7207fea9a3057d21217b38be972c6cf48ff28a3c9,fb519e51c5e427da315ba5660588f239fd9381a3a6ce299464a50a042d7b9e43,CNN3,fc5,layer,all-fc,passing measured layer invocations; warmups excluded,setup_included_preprocess_over_matched_dealer_ratio,mean of within-layer paired invocation ratios,1,10,10,complete,60.61197000930266259911689921239523840903534217136,60.61197000930266259911689921239523840903534217136,2.18706857566252303758424372379431600996876080294,60.318159979537483134846813891004906241323404252664,58.74862865970733061576742683674942071882131225172,62.566317855773893146723124431955578649312972222626,3.817689196066562530955697595206157930491659970906,59.047435399871056175155273365514866668631289907122,62.176504618734269023078525059275610149439394435598,two-sided Student t confidence interval for the arithmetic mean; confidence=0.95; df=n-1,R-7 inclusive linear interpolation at probabilities 0.25 and 0.75,58.038759717360810686802742491577194845374339612748,63.589150504266873545384018619084561675717610550815,ratio,
ringlpn.two-party-fc-model-scale.statistics.v3,ringlpn.two-party-fc-model-scale.v6,2026-08-10,6bd5e24f5e18eb744458d4aaf86d42a823857bc134ac1d4be25c95d49cf3c984,718570af4bf7afa523d029dfddcf0f3dae9e554c9c6e26b744999df193956f72,799f39ad2cc347a7a59a3efbe14d6ff3eaaf9dc843219414dc36d3e0a75793a1,bf4e4f9052b7575dcb6bb506d73d9786f2906881a8a74425242aca11489a18dd,fc8699fb14c3db9ecafb50e7207fea9a3057d21217b38be972c6cf48ff28a3c9,fb519e51c5e427da315ba5660588f239fd9381a3a6ce299464a50a042d7b9e43,CNN3,fc5,layer,all-fc,passing measured layer invocations; warmups excluded,protocol_dependency_rounds,measured layer arithmetic mean,1,10,10,complete,1663,1663,0,1663,1663,1663,0,1663,1663,two-sided Student t confidence interval for the arithmetic mean; confidence=0.95; df=n-1,R-7 inclusive linear interpolation at probabilities 0.25 and 0.75,1663,1663,rounds,
ringlpn.two-party-fc-model-scale.statistics.v3,ringlpn.two-party-fc-model-scale.v6,2026-08-10,6bd5e24f5e18eb744458d4aaf86d42a823857bc134ac1d4be25c95d49cf3c984,718570af4bf7afa523d029dfddcf0f3dae9e554c9c6e26b744999df193956f72,799f39ad2cc347a7a59a3efbe14d6ff3eaaf9dc843219414dc36d3e0a75793a1,bf4e4f9052b7575dcb6bb506d73d9786f2906881a8a74425242aca11489a18dd,fc8699fb14c3db9ecafb50e7207fea9a3057d21217b38be972c6cf48ff28a3c9,fb519e51c5e427da315ba5660588f239fd9381a3a6ce299464a50a042d7b9e43,CNN3,fc5,layer,all-fc,passing measured layer invocations; warmups excluded,critical_path_preflight_us,measured layer arithmetic mean,1,10,10,complete,85.713,85.713,94.875745290587543528661218894370030028019453044646,45.554,39.58625,54.28825,14.702,17.842980397264633829626209479326388437550814297338,153.58301960273536617037379052067361156244918570266,two-sided Student t confidence interval for the arithmetic mean; confidence=0.95; df=n-1,R-7 inclusive linear interpolation at probabilities 0.25 and 0.75,25.176,294.731,us,
ringlpn.two-party-fc-model-scale.statistics.v3,ringlpn.two-party-fc-model-scale.v6,2026-08-10,6bd5e24f5e18eb744458d4aaf86d42a823857bc134ac1d4be25c95d49cf3c984,718570af4bf7afa523d029dfddcf0f3dae9e554c9c6e26b744999df193956f72,799f39ad2cc347a7a59a3efbe14d6ff3eaaf9dc843219414dc36d3e0a75793a1,bf4e4f9052b7575dcb6bb506d73d9786f2906881a8a74425242aca11489a18dd,fc8699fb14c3db9ecafb50e7207fea9a3057d21217b38be972c6cf48ff28a3c9,fb519e51c5e427da315ba5660588f239fd9381a3a6ce299464a50a042d7b9e43,CNN3,fc5,layer,all-fc,passing measured layer invocations; warmups excluded,critical_path_ot_setup_us,measured layer arithmetic mean,1,10,10,complete,21317.12,21317.12,2031.6680660645987194107163940916031013790481196351,21276,19593.225,22566.15,2972.925,19863.752218300628969794521313480014975609585078176,22770.487781699371030205478686519985024390414921824,two-sided Student t confidence interval for the arithmetic mean; confidence=0.95; df=n-1,R-7 inclusive linear interpolation at probabilities 0.25 and 0.75,18537.8,24430.6,us,
ringlpn.two-party-fc-model-scale.statistics.v3,ringlpn.two-party-fc-model-scale.v6,2026-08-10,6bd5e24f5e18eb744458d4aaf86d42a823857bc134ac1d4be25c95d49cf3c984,718570af4bf7afa523d029dfddcf0f3dae9e554c9c6e26b744999df193956f72,799f39ad2cc347a7a59a3efbe14d6ff3eaaf9dc843219414dc36d3e0a75793a1,bf4e4f9052b7575dcb6bb506d73d9786f2906881a8a74425242aca11489a18dd,fc8699fb14c3db9ecafb50e7207fea9a3057d21217b38be972c6cf48ff28a3c9,fb519e51c5e427da315ba5660588f239fd9381a3a6ce299464a50a042d7b9e43,CNN3,fc5,layer,all-fc,passing measured layer invocations; warmups excluded,critical_path_dpf_phase_a_us,measured layer arithmetic mean,1,10,10,complete,35461.76,35461.76,1094.1191283910135126337995728966400873052731719688,35368.2,35103.325,35801.15,697.825,34679.074325550886451292275875402091934864934403769,36244.445674449113548707724124597908065135065596231,two-sided Student t confidence interval for the arithmetic mean; confidence=0.95; df=n-1,R-7 inclusive linear interpolation at probabilities 0.25 and 0.75,33654.6,37695.5,us,
ringlpn.two-party-fc-model-scale.statistics.v3,ringlpn.two-party-fc-model-scale.v6,2026-08-10,6bd5e24f5e18eb744458d4aaf86d42a823857bc134ac1d4be25c95d49cf3c984,718570af4bf7afa523d029dfddcf0f3dae9e554c9c6e26b744999df193956f72,799f39ad2cc347a7a59a3efbe14d6ff3eaaf9dc843219414dc36d3e0a75793a1,bf4e4f9052b7575dcb6bb506d73d9786f2906881a8a74425242aca11489a18dd,fc8699fb14c3db9ecafb50e7207fea9a3057d21217b38be972c6cf48ff28a3c9,fb519e51c5e427da315ba5660588f239fd9381a3a6ce299464a50a042d7b9e43,CNN3,fc5,layer,all-fc,passing measured layer invocations; warmups excluded,critical_path_dpf_phase_b_us,measured layer arithmetic mean,1,10,10,complete,286831.1,286831.1,6531.763220346146830055089553499574010740368349377,286586.5,282120.5,292767.25,10646.75,282158.558072160209256427935155987191607254062539,291503.641927839790743572064844012808392745937461,two-sided Student t confidence interval for the arithmetic mean; confidence=0.95; df=n-1,R-7 inclusive linear interpolation at probabilities 0.25 and 0.75,276825,295586,us,
ringlpn.two-party-fc-model-scale.statistics.v3,ringlpn.two-party-fc-model-scale.v6,2026-08-10,6bd5e24f5e18eb744458d4aaf86d42a823857bc134ac1d4be25c95d49cf3c984,718570af4bf7afa523d029dfddcf0f3dae9e554c9c6e26b744999df193956f72,799f39ad2cc347a7a59a3efbe14d6ff3eaaf9dc843219414dc36d3e0a75793a1,bf4e4f9052b7575dcb6bb506d73d9786f2906881a8a74425242aca11489a18dd,fc8699fb14c3db9ecafb50e7207fea9a3057d21217b38be972c6cf48ff28a3c9,fb519e51c5e427da315ba5660588f239fd9381a3a6ce299464a50a042d7b9e43,CNN3,fc5,layer,all-fc,passing measured layer invocations; warmups excluded,critical_path_dpf_phase_c_us,measured layer arithmetic mean,1,10,10,complete,12601.06,12601.06,795.47531591006783560216369305225730351939105542089,12186.05,12081.125,13303.8,1222.675,12032.011239234538494856699553874172913067137744511,13170.108760765461505143300446125827086932862255489,two-sided Student t confidence interval for the arithmetic mean; confidence=0.95; df=n-1,R-7 inclusive linear interpolation at probabilities 0.25 and 0.75,11668.9,13837.2,us,
ringlpn.two-party-fc-model-scale.statistics.v3,ringlpn.two-party-fc-model-scale.v6,2026-08-10,6bd5e24f5e18eb744458d4aaf86d42a823857bc134ac1d4be25c95d49cf3c984,718570af4bf7afa523d029dfddcf0f3dae9e554c9c6e26b744999df193956f72,799f39ad2cc347a7a59a3efbe14d6ff3eaaf9dc843219414dc36d3e0a75793a1,bf4e4f9052b7575dcb6bb506d73d9786f2906881a8a74425242aca11489a18dd,fc8699fb14c3db9ecafb50e7207fea9a3057d21217b38be972c6cf48ff28a3c9,fb519e51c5e427da315ba5660588f239fd9381a3a6ce299464a50a042d7b9e43,CNN3,fc5,layer,all-fc,passing measured layer invocations; warmups excluded,critical_path_spfss_grouping_us,measured layer arithmetic mean,1,10,10,complete,224.7908,224.7908,10.891918714757693640841230631475572408026730057715,226.6905,221.081,229.3555,8.2745,216.99919072812698056612069107602825265014645612756,232.58240927187301943387930892397174734985354387244,two-sided Student t confidence interval for the arithmetic mean; confidence=0.95; df=n-1,R-7 inclusive linear interpolation at probabilities 0.25 and 0.75,200.464,242.063,us,
ringlpn.two-party-fc-model-scale.statistics.v3,ringlpn.two-party-fc-model-scale.v6,2026-08-10,6bd5e24f5e18eb744458d4aaf86d42a823857bc134ac1d4be25c95d49cf3c984,718570af4bf7afa523d029dfddcf0f3dae9e554c9c6e26b744999df193956f72,799f39ad2cc347a7a59a3efbe14d6ff3eaaf9dc843219414dc36d3e0a75793a1,bf4e4f9052b7575dcb6bb506d73d9786f2906881a8a74425242aca11489a18dd,fc8699fb14c3db9ecafb50e7207fea9a3057d21217b38be972c6cf48ff28a3c9,fb519e51c5e427da315ba5660588f239fd9381a3a6ce299464a50a042d7b9e43,CNN3,fc5,layer,all-fc,passing measured layer invocations; warmups excluded,critical_path_public_polynomial_exchange_us,measured layer arithmetic mean,1,10,10,complete,8122.571,8122.571,1323.8291627568700586544048611417555782441756075376,8213.165,6869.705,9356.6675,2486.9625,7175.5606660965127409812127485214551078497893035411,9069.5813339034872590187872514785448921502106964589,two-sided Student t confidence interval for the arithmetic mean; confidence=0.95; df=n-1,R-7 inclusive linear interpolation at probabilities 0.25 and 0.75,6539.62,9572.8,us,"Legacy recorded key: joint public-seed setup once per layer (four seed-share words sent per party), plus local domain-separated SHAKE256 public-vector generation for every Ring-OLE; not coefficient-vector communication."
ringlpn.two-party-fc-model-scale.statistics.v3,ringlpn.two-party-fc-model-scale.v6,2026-08-10,6bd5e24f5e18eb744458d4aaf86d42a823857bc134ac1d4be25c95d49cf3c984,718570af4bf7afa523d029dfddcf0f3dae9e554c9c6e26b744999df193956f72,799f39ad2cc347a7a59a3efbe14d6ff3eaaf9dc843219414dc36d3e0a75793a1,bf4e4f9052b7575dcb6bb506d73d9786f2906881a8a74425242aca11489a18dd,fc8699fb14c3db9ecafb50e7207fea9a3057d21217b38be972c6cf48ff28a3c9,fb519e51c5e427da315ba5660588f239fd9381a3a6ce299464a50a042d7b9e43,CNN3,fc5,layer,all-fc,passing measured layer invocations; warmups excluded,critical_path_gpu_ringlpn_expansion_us,measured layer arithmetic mean,1,10,10,complete,159448,159448,1289.1046849999765976682060108800317312836912336091,158797,158725,159869.25,1144.25,158525.83006106613114070478942166521096068717673047,160370.16993893386885929521057833478903931282326953,two-sided Student t confidence interval for the arithmetic mean; confidence=0.95; df=n-1,R-7 inclusive linear interpolation at probabilities 0.25 and 0.75,158277,162062,us,
ringlpn.two-party-fc-model-scale.statistics.v3,ringlpn.two-party-fc-model-scale.v6,2026-08-10,6bd5e24f5e18eb744458d4aaf86d42a823857bc134ac1d4be25c95d49cf3c984,718570af4bf7afa523d029dfddcf0f3dae9e554c9c6e26b744999df193956f72,799f39ad2cc347a7a59a3efbe14d6ff3eaaf9dc843219414dc36d3e0a75793a1,bf4e4f9052b7575dcb6bb506d73d9786f2906881a8a74425242aca11489a18dd,fc8699fb14c3db9ecafb50e7207fea9a3057d21217b38be972c6cf48ff28a3c9,fb519e51c5e427da315ba5660588f239fd9381a3a6ce299464a50a042d7b9e43,CNN3,fc5,layer,all-fc,passing measured layer invocations; warmups excluded,critical_path_derandomization_openings_us,measured layer arithmetic mean,1,10,10,complete,11169.74,11169.74,180.3481521945816887609083080567218937491986473632,11149.15,11022.725,11184.975,162.25,11040.726703848557883226917670019338063616620004738,11298.753296151442116773082329980661936383379995262,two-sided Student t confidence interval for the arithmetic mean; confidence=0.95; df=n-1,R-7 inclusive linear interpolation at probabilities 0.25 and 0.75,11015.7,11513.9,us,
ringlpn.two-party-fc-model-scale.statistics.v3,ringlpn.two-party-fc-model-scale.v6,2026-08-10,6bd5e24f5e18eb744458d4aaf86d42a823857bc134ac1d4be25c95d49cf3c984,718570af4bf7afa523d029dfddcf0f3dae9e554c9c6e26b744999df193956f72,799f39ad2cc347a7a59a3efbe14d6ff3eaaf9dc843219414dc36d3e0a75793a1,bf4e4f9052b7575dcb6bb506d73d9786f2906881a8a74425242aca11489a18dd,fc8699fb14c3db9ecafb50e7207fea9a3057d21217b38be972c6cf48ff28a3c9,fb519e51c5e427da315ba5660588f239fd9381a3a6ce299464a50a042d7b9e43,CNN3,fc5,layer,all-fc,passing measured layer invocations; warmups excluded,critical_path_conversion_us,measured layer arithmetic mean,1,10,10,complete,39297.81,39297.81,1702.3915207404226521113848079815482501463778639361,38785.7,38207.075,40773.6,2566.525,38079.992468972440202939007809315535981059503357632,40515.627531027559797060992190684464018940496642368,two-sided Student t confidence interval for the arithmetic mean; confidence=0.95; df=n-1,R-7 inclusive linear interpolation at probabilities 0.25 and 0.75,37229.6,41839.9,us,
ringlpn.two-party-fc-model-scale.statistics.v3,ringlpn.two-party-fc-model-scale.v6,2026-08-10,6bd5e24f5e18eb744458d4aaf86d42a823857bc134ac1d4be25c95d49cf3c984,718570af4bf7afa523d029dfddcf0f3dae9e554c9c6e26b744999df193956f72,799f39ad2cc347a7a59a3efbe14d6ff3eaaf9dc843219414dc36d3e0a75793a1,bf4e4f9052b7575dcb6bb506d73d9786f2906881a8a74425242aca11489a18dd,fc8699fb14c3db9ecafb50e7207fea9a3057d21217b38be972c6cf48ff28a3c9,fb519e51c5e427da315ba5660588f239fd9381a3a6ce299464a50a042d7b9e43,CNN3,fc5,layer,all-fc,passing measured layer invocations; warmups excluded,critical_path_serialization_us,measured layer arithmetic mean,1,10,10,complete,612.0989,612.0989,149.57911507251865600528129314364995813857725365997,572.57,500.12125,696.859,196.73775,505.09644704389335441263991380365075698792350303204,719.10135295610664558736008619634924301207649696796,two-sided Student t confidence interval for the arithmetic mean; confidence=0.95; df=n-1,R-7 inclusive linear interpolation at probabilities 0.25 and 0.75,458.623,945.218,us,
ringlpn.two-party-fc-model-scale.statistics.v3,ringlpn.two-party-fc-model-scale.v6,2026-08-10,6bd5e24f5e18eb744458d4aaf86d42a823857bc134ac1d4be25c95d49cf3c984,718570af4bf7afa523d029dfddcf0f3dae9e554c9c6e26b744999df193956f72,799f39ad2cc347a7a59a3efbe14d6ff3eaaf9dc843219414dc36d3e0a75793a1,bf4e4f9052b7575dcb6bb506d73d9786f2906881a8a74425242aca11489a18dd,fc8699fb14c3db9ecafb50e7207fea9a3057d21217b38be972c6cf48ff28a3c9,fb519e51c5e427da315ba5660588f239fd9381a3a6ce299464a50a042d7b9e43,CNN3,fc5,layer,all-fc,passing measured layer invocations; warmups excluded,critical_path_commit_us,measured layer arithmetic mean,1,10,10,complete,209.5709,209.5709,129.31993735731548056787890078598536451916179966057,158.6015,120.242,255.029,134.787,117.0609897317508950847233038375469709986258395531,302.0808102682491049152766961624530290013741604469,two-sided Student t confidence interval for the arithmetic mean; confidence=0.95; df=n-1,R-7 inclusive linear interpolation at probabilities 0.25 and 0.75,108.639,435.579,us,
ringlpn.two-party-fc-model-scale.statistics.v3,ringlpn.two-party-fc-model-scale.v6,2026-08-10,6bd5e24f5e18eb744458d4aaf86d42a823857bc134ac1d4be25c95d49cf3c984,718570af4bf7afa523d029dfddcf0f3dae9e554c9c6e26b744999df193956f72,799f39ad2cc347a7a59a3efbe14d6ff3eaaf9dc843219414dc36d3e0a75793a1,bf4e4f9052b7575dcb6bb506d73d9786f2906881a8a74425242aca11489a18dd,fc8699fb14c3db9ecafb50e7207fea9a3057d21217b38be972c6cf48ff28a3c9,fb519e51c5e427da315ba5660588f239fd9381a3a6ce299464a50a042d7b9e43,CNN3,fc5,layer,all-fc,passing measured layer invocations; warmups excluded,peak_host_rss_bytes,measured layer arithmetic mean,1,10,10,complete,137465446.4,137465446.4,198255.14471071530472256100023256881613852055683347,137504768,137394176,137576448,182272,137323623.21308697672964757396183473606913981074685,137607269.58691302327035242603816526393086018925315,two-sided Student t confidence interval for the arithmetic mean; confidence=0.95; df=n-1,R-7 inclusive linear interpolation at probabilities 0.25 and 0.75,136990720,137662464,bytes,
ringlpn.two-party-fc-model-scale.statistics.v3,ringlpn.two-party-fc-model-scale.v6,2026-08-10,6bd5e24f5e18eb744458d4aaf86d42a823857bc134ac1d4be25c95d49cf3c984,718570af4bf7afa523d029dfddcf0f3dae9e554c9c6e26b744999df193956f72,799f39ad2cc347a7a59a3efbe14d6ff3eaaf9dc843219414dc36d3e0a75793a1,bf4e4f9052b7575dcb6bb506d73d9786f2906881a8a74425242aca11489a18dd,fc8699fb14c3db9ecafb50e7207fea9a3057d21217b38be972c6cf48ff28a3c9,fb519e51c5e427da315ba5660588f239fd9381a3a6ce299464a50a042d7b9e43,CNN3,fc5,layer,all-fc,passing measured layer invocations; warmups excluded,peak_gpu_bytes,measured layer arithmetic mean,1,10,10,complete,431095808,431095808,0,431095808,431095808,431095808,0,431095808,431095808,two-sided Student t confidence interval for the arithmetic mean; confidence=0.95; df=n-1,R-7 inclusive linear interpolation at probabilities 0.25 and 0.75,431095808,431095808,bytes,
ringlpn.two-party-fc-model-scale.statistics.v3,ringlpn.two-party-fc-model-scale.v6,2026-08-10,6bd5e24f5e18eb744458d4aaf86d42a823857bc134ac1d4be25c95d49cf3c984,718570af4bf7afa523d029dfddcf0f3dae9e554c9c6e26b744999df193956f72,799f39ad2cc347a7a59a3efbe14d6ff3eaaf9dc843219414dc36d3e0a75793a1,bf4e4f9052b7575dcb6bb506d73d9786f2906881a8a74425242aca11489a18dd,fc8699fb14c3db9ecafb50e7207fea9a3057d21217b38be972c6cf48ff28a3c9,fb519e51c5e427da315ba5660588f239fd9381a3a6ce299464a50a042d7b9e43,CNN3,fc5,layer,all-fc,passing measured layer invocations; warmups excluded,minimum_observed_gpu_free_bytes,measured layer arithmetic mean,1,10,10,complete,33395441664,33395441664,0,33395441664,33395441664,33395441664,0,33395441664,33395441664,two-sided Student t confidence interval for the arithmetic mean; confidence=0.95; df=n-1,R-7 inclusive linear interpolation at probabilities 0.25 and 0.75,33395441664,33395441664,bytes,
ringlpn.two-party-fc-model-scale.statistics.v3,ringlpn.two-party-fc-model-scale.v6,2026-08-10,6bd5e24f5e18eb744458d4aaf86d42a823857bc134ac1d4be25c95d49cf3c984,718570af4bf7afa523d029dfddcf0f3dae9e554c9c6e26b744999df193956f72,799f39ad2cc347a7a59a3efbe14d6ff3eaaf9dc843219414dc36d3e0a75793a1,bf4e4f9052b7575dcb6bb506d73d9786f2906881a8a74425242aca11489a18dd,fc8699fb14c3db9ecafb50e7207fea9a3057d21217b38be972c6cf48ff28a3c9,fb519e51c5e427da315ba5660588f239fd9381a3a6ce299464a50a042d7b9e43,CNN3,fc5,layer,all-fc,passing measured layer invocations; warmups excluded,transport_bytes_total_including_base_ot,measured layer arithmetic mean,1,10,10,complete,39476484,39476484,0,39476484,39476484,39476484,0,39476484,39476484,two-sided Student t confidence interval for the arithmetic mean; confidence=0.95; df=n-1,R-7 inclusive linear interpolation at probabilities 0.25 and 0.75,39476484,39476484,bytes,
ringlpn.two-party-fc-model-scale.statistics.v3,ringlpn.two-party-fc-model-scale.v6,2026-08-10,6bd5e24f5e18eb744458d4aaf86d42a823857bc134ac1d4be25c95d49cf3c984,718570af4bf7afa523d029dfddcf0f3dae9e554c9c6e26b744999df193956f72,799f39ad2cc347a7a59a3efbe14d6ff3eaaf9dc843219414dc36d3e0a75793a1,bf4e4f9052b7575dcb6bb506d73d9786f2906881a8a74425242aca11489a18dd,fc8699fb14c3db9ecafb50e7207fea9a3057d21217b38be972c6cf48ff28a3c9,fb519e51c5e427da315ba5660588f239fd9381a3a6ce299464a50a042d7b9e43,CNN3,fc5,layer,all-fc,passing measured layer invocations; warmups excluded,base_ot_setup_bytes_total,measured layer arithmetic mean,1,10,10,complete,43658,43658,0,43658,43658,43658,0,43658,43658,two-sided Student t confidence interval for the arithmetic mean; confidence=0.95; df=n-1,R-7 inclusive linear interpolation at probabilities 0.25 and 0.75,43658,43658,bytes,
ringlpn.two-party-fc-model-scale.statistics.v3,ringlpn.two-party-fc-model-scale.v6,2026-08-10,6bd5e24f5e18eb744458d4aaf86d42a823857bc134ac1d4be25c95d49cf3c984,718570af4bf7afa523d029dfddcf0f3dae9e554c9c6e26b744999df193956f72,799f39ad2cc347a7a59a3efbe14d6ff3eaaf9dc843219414dc36d3e0a75793a1,bf4e4f9052b7575dcb6bb506d73d9786f2906881a8a74425242aca11489a18dd,fc8699fb14c3db9ecafb50e7207fea9a3057d21217b38be972c6cf48ff28a3c9,fb519e51c5e427da315ba5660588f239fd9381a3a6ce299464a50a042d7b9e43,CNN3,fc5,layer,all-fc,passing measured layer invocations; warmups excluded,checker_us,measured layer arithmetic mean,1,10,10,complete,162114.1,162114.1,2292.9976231998148322895304703935811300479100697166,163081,160392.75,163799.5,3406.75,160473.78831486969728345494466216122175881898508551,163754.41168513030271654505533783877824118101491449,two-sided Student t confidence interval for the arithmetic mean; confidence=0.95; df=n-1,R-7 inclusive linear interpolation at probabilities 0.25 and 0.75,158100,164457,us,
ringlpn.two-party-fc-model-scale.statistics.v3,ringlpn.two-party-fc-model-scale.v6,2026-08-10,6bd5e24f5e18eb744458d4aaf86d42a823857bc134ac1d4be25c95d49cf3c984,718570af4bf7afa523d029dfddcf0f3dae9e554c9c6e26b744999df193956f72,799f39ad2cc347a7a59a3efbe14d6ff3eaaf9dc843219414dc36d3e0a75793a1,bf4e4f9052b7575dcb6bb506d73d9786f2906881a8a74425242aca11489a18dd,fc8699fb14c3db9ecafb50e7207fea9a3057d21217b38be972c6cf48ff28a3c9,fb519e51c5e427da315ba5660588f239fd9381a3a6ce299464a50a042d7b9e43,CNN3,fc5,layer,all-fc,passing measured layer invocations; warmups excluded,checker_peak_host_rss_bytes,measured layer arithmetic mean,1,10,10,complete,129080115.2,129080115.2,173982.79325189986537887051610741829069818553696579,129140736,128911360,129188864,277504,128955655.40732718744051484794775678402141054644413,129204574.99267281255948515205224321597858945355587,two-sided Student t confidence interval for the arithmetic mean; confidence=0.95; df=n-1,R-7 inclusive linear interpolation at probabilities 0.25 and 0.75,128831488,129351680,bytes,
ringlpn.two-party-fc-model-scale.statistics.v3,ringlpn.two-party-fc-model-scale.v6,2026-08-10,6bd5e24f5e18eb744458d4aaf86d42a823857bc134ac1d4be25c95d49cf3c984,718570af4bf7afa523d029dfddcf0f3dae9e554c9c6e26b744999df193956f72,799f39ad2cc347a7a59a3efbe14d6ff3eaaf9dc843219414dc36d3e0a75793a1,bf4e4f9052b7575dcb6bb506d73d9786f2906881a8a74425242aca11489a18dd,fc8699fb14c3db9ecafb50e7207fea9a3057d21217b38be972c6cf48ff28a3c9,fb519e51c5e427da315ba5660588f239fd9381a3a6ce299464a50a042d7b9e43,CNN3,fc5,layer,all-fc,passing measured layer invocations; warmups excluded,checker_peak_gpu_bytes,measured layer arithmetic mean,1,10,10,complete,433192960,433192960,0,433192960,433192960,433192960,0,433192960,433192960,two-sided Student t confidence interval for the arithmetic mean; confidence=0.95; df=n-1,R-7 inclusive linear interpolation at probabilities 0.25 and 0.75,433192960,433192960,bytes,
ringlpn.two-party-fc-model-scale.statistics.v3,ringlpn.two-party-fc-model-scale.v6,2026-08-10,6bd5e24f5e18eb744458d4aaf86d42a823857bc134ac1d4be25c95d49cf3c984,718570af4bf7afa523d029dfddcf0f3dae9e554c9c6e26b744999df193956f72,799f39ad2cc347a7a59a3efbe14d6ff3eaaf9dc843219414dc36d3e0a75793a1,bf4e4f9052b7575dcb6bb506d73d9786f2906881a8a74425242aca11489a18dd,fc8699fb14c3db9ecafb50e7207fea9a3057d21217b38be972c6cf48ff28a3c9,fb519e51c5e427da315ba5660588f239fd9381a3a6ce299464a50a042d7b9e43,CNN3,fc5,layer,all-fc,passing measured layer invocations; warmups excluded,checker_min_gpu_free_bytes,measured layer arithmetic mean,1,10,10,complete,33393344512,33393344512,0,33393344512,33393344512,33393344512,0,33393344512,33393344512,two-sided Student t confidence interval for the arithmetic mean; confidence=0.95; df=n-1,R-7 inclusive linear interpolation at probabilities 0.25 and 0.75,33393344512,33393344512,bytes,
ringlpn.two-party-fc-model-scale.statistics.v3,ringlpn.two-party-fc-model-scale.v6,2026-08-10,6bd5e24f5e18eb744458d4aaf86d42a823857bc134ac1d4be25c95d49cf3c984,718570af4bf7afa523d029dfddcf0f3dae9e554c9c6e26b744999df193956f72,799f39ad2cc347a7a59a3efbe14d6ff3eaaf9dc843219414dc36d3e0a75793a1,bf4e4f9052b7575dcb6bb506d73d9786f2906881a8a74425242aca11489a18dd,fc8699fb14c3db9ecafb50e7207fea9a3057d21217b38be972c6cf48ff28a3c9,fb519e51c5e427da315ba5660588f239fd9381a3a6ce299464a50a042d7b9e43,CNN3,,model,all-fc,independently sampled layers; no measured joint model trials; warmups excluded,application_bytes_total,sum of independently sampled layer means,1,"{""fc5"":10}",NA,complete,39432504,39432504,NA,NA,NA,NA,NA,39432504,39432504,independent-layer stratified whole-observation-row bootstrap; 10000 resamples; seed=20260911; percentile 95% CI; R-7 endpoints; numeric rows sorted lexicographically without trial labels,not applicable: no measured joint model distribution,NA,NA,bytes,
ringlpn.two-party-fc-model-scale.statistics.v3,ringlpn.two-party-fc-model-scale.v6,2026-08-10,6bd5e24f5e18eb744458d4aaf86d42a823857bc134ac1d4be25c95d49cf3c984,718570af4bf7afa523d029dfddcf0f3dae9e554c9c6e26b744999df193956f72,799f39ad2cc347a7a59a3efbe14d6ff3eaaf9dc843219414dc36d3e0a75793a1,bf4e4f9052b7575dcb6bb506d73d9786f2906881a8a74425242aca11489a18dd,fc8699fb14c3db9ecafb50e7207fea9a3057d21217b38be972c6cf48ff28a3c9,fb519e51c5e427da315ba5660588f239fd9381a3a6ce299464a50a042d7b9e43,CNN3,,model,all-fc,independently sampled layers; no measured joint model trials; warmups excluded,base_ot_setup_bytes_total,sum of independently sampled layer means,1,"{""fc5"":10}",NA,complete,43658,43658,NA,NA,NA,NA,NA,43658,43658,independent-layer stratified whole-observation-row bootstrap; 10000 resamples; seed=20260911; percentile 95% CI; R-7 endpoints; numeric rows sorted lexicographically without trial labels,not applicable: no measured joint model distribution,NA,NA,bytes,
ringlpn.two-party-fc-model-scale.statistics.v3,ringlpn.two-party-fc-model-scale.v6,2026-08-10,6bd5e24f5e18eb744458d4aaf86d42a823857bc134ac1d4be25c95d49cf3c984,718570af4bf7afa523d029dfddcf0f3dae9e554c9c6e26b744999df193956f72,799f39ad2cc347a7a59a3efbe14d6ff3eaaf9dc843219414dc36d3e0a75793a1,bf4e4f9052b7575dcb6bb506d73d9786f2906881a8a74425242aca11489a18dd,fc8699fb14c3db9ecafb50e7207fea9a3057d21217b38be972c6cf48ff28a3c9,fb519e51c5e427da315ba5660588f239fd9381a3a6ce299464a50a042d7b9e43,CNN3,,model,all-fc,independently sampled layers; no measured joint model trials; warmups excluded,checker_two_share_online_us,sum of independently sampled layer means,1,"{""fc5"":10}",NA,complete,215.2785,215.2785,NA,NA,NA,NA,NA,213.387875,218.0458625,independent-layer stratified whole-observation-row bootstrap; 10000 resamples; seed=20260911; percentile 95% CI; R-7 endpoints; numeric rows sorted lexicographically without trial labels,not applicable: no measured joint model distribution,NA,NA,us,
ringlpn.two-party-fc-model-scale.statistics.v3,ringlpn.two-party-fc-model-scale.v6,2026-08-10,6bd5e24f5e18eb744458d4aaf86d42a823857bc134ac1d4be25c95d49cf3c984,718570af4bf7afa523d029dfddcf0f3dae9e554c9c6e26b744999df193956f72,799f39ad2cc347a7a59a3efbe14d6ff3eaaf9dc843219414dc36d3e0a75793a1,bf4e4f9052b7575dcb6bb506d73d9786f2906881a8a74425242aca11489a18dd,fc8699fb14c3db9ecafb50e7207fea9a3057d21217b38be972c6cf48ff28a3c9,fb519e51c5e427da315ba5660588f239fd9381a3a6ce299464a50a042d7b9e43,CNN3,,model,all-fc,independently sampled layers; no measured joint model trials; warmups excluded,checker_us,sum of independently sampled layer means,1,"{""fc5"":10}",NA,complete,162114.1,162114.1,NA,NA,NA,NA,NA,160701.3125,163363.1625,independent-layer stratified whole-observation-row bootstrap; 10000 resamples; seed=20260911; percentile 95% CI; R-7 endpoints; numeric rows sorted lexicographically without trial labels,not applicable: no measured joint model distribution,NA,NA,us,
ringlpn.two-party-fc-model-scale.statistics.v3,ringlpn.two-party-fc-model-scale.v6,2026-08-10,6bd5e24f5e18eb744458d4aaf86d42a823857bc134ac1d4be25c95d49cf3c984,718570af4bf7afa523d029dfddcf0f3dae9e554c9c6e26b744999df193956f72,799f39ad2cc347a7a59a3efbe14d6ff3eaaf9dc843219414dc36d3e0a75793a1,bf4e4f9052b7575dcb6bb506d73d9786f2906881a8a74425242aca11489a18dd,fc8699fb14c3db9ecafb50e7207fea9a3057d21217b38be972c6cf48ff28a3c9,fb519e51c5e427da315ba5660588f239fd9381a3a6ce299464a50a042d7b9e43,CNN3,,model,all-fc,independently sampled layers; no measured joint model trials; warmups excluded,critical_path_commit_us,sum of independently sampled layer means,1,"{""fc5"":10}",NA,complete,209.5709,209.5709,NA,NA,NA,NA,NA,139.101605,291.83408,independent-layer stratified whole-observation-row bootstrap; 10000 resamples; seed=20260911; percentile 95% CI; R-7 endpoints; numeric rows sorted lexicographically without trial labels,not applicable: no measured joint model distribution,NA,NA,us,
ringlpn.two-party-fc-model-scale.statistics.v3,ringlpn.two-party-fc-model-scale.v6,2026-08-10,6bd5e24f5e18eb744458d4aaf86d42a823857bc134ac1d4be25c95d49cf3c984,718570af4bf7afa523d029dfddcf0f3dae9e554c9c6e26b744999df193956f72,799f39ad2cc347a7a59a3efbe14d6ff3eaaf9dc843219414dc36d3e0a75793a1,bf4e4f9052b7575dcb6bb506d73d9786f2906881a8a74425242aca11489a18dd,fc8699fb14c3db9ecafb50e7207fea9a3057d21217b38be972c6cf48ff28a3c9,fb519e51c5e427da315ba5660588f239fd9381a3a6ce299464a50a042d7b9e43,CNN3,,model,all-fc,independently sampled layers; no measured joint model trials; warmups excluded,critical_path_conversion_us,sum of independently sampled layer means,1,"{""fc5"":10}",NA,complete,39297.81,39297.81,NA,NA,NA,NA,NA,38348.56425,40310.25825,independent-layer stratified whole-observation-row bootstrap; 10000 resamples; seed=20260911; percentile 95% CI; R-7 endpoints; numeric rows sorted lexicographically without trial labels,not applicable: no measured joint model distribution,NA,NA,us,
ringlpn.two-party-fc-model-scale.statistics.v3,ringlpn.two-party-fc-model-scale.v6,2026-08-10,6bd5e24f5e18eb744458d4aaf86d42a823857bc134ac1d4be25c95d49cf3c984,718570af4bf7afa523d029dfddcf0f3dae9e554c9c6e26b744999df193956f72,799f39ad2cc347a7a59a3efbe14d6ff3eaaf9dc843219414dc36d3e0a75793a1,bf4e4f9052b7575dcb6bb506d73d9786f2906881a8a74425242aca11489a18dd,fc8699fb14c3db9ecafb50e7207fea9a3057d21217b38be972c6cf48ff28a3c9,fb519e51c5e427da315ba5660588f239fd9381a3a6ce299464a50a042d7b9e43,CNN3,,model,all-fc,independently sampled layers; no measured joint model trials; warmups excluded,critical_path_derandomization_openings_us,sum of independently sampled layer means,1,"{""fc5"":10}",NA,complete,11169.74,11169.74,NA,NA,NA,NA,NA,11073.42825,11283.701,independent-layer stratified whole-observation-row bootstrap; 10000 resamples; seed=20260911; percentile 95% CI; R-7 endpoints; numeric rows sorted lexicographically without trial labels,not applicable: no measured joint model distribution,NA,NA,us,
ringlpn.two-party-fc-model-scale.statistics.v3,ringlpn.two-party-fc-model-scale.v6,2026-08-10,6bd5e24f5e18eb744458d4aaf86d42a823857bc134ac1d4be25c95d49cf3c984,718570af4bf7afa523d029dfddcf0f3dae9e554c9c6e26b744999df193956f72,799f39ad2cc347a7a59a3efbe14d6ff3eaaf9dc843219414dc36d3e0a75793a1,bf4e4f9052b7575dcb6bb506d73d9786f2906881a8a74425242aca11489a18dd,fc8699fb14c3db9ecafb50e7207fea9a3057d21217b38be972c6cf48ff28a3c9,fb519e51c5e427da315ba5660588f239fd9381a3a6ce299464a50a042d7b9e43,CNN3,,model,all-fc,independently sampled layers; no measured joint model trials; warmups excluded,critical_path_dpf_phase_a_us,sum of independently sampled layer means,1,"{""fc5"":10}",NA,complete,35461.76,35461.76,NA,NA,NA,NA,NA,34842.0775,36126.9185,independent-layer stratified whole-observation-row bootstrap; 10000 resamples; seed=20260911; percentile 95% CI; R-7 endpoints; numeric rows sorted lexicographically without trial labels,not applicable: no measured joint model distribution,NA,NA,us,
ringlpn.two-party-fc-model-scale.statistics.v3,ringlpn.two-party-fc-model-scale.v6,2026-08-10,6bd5e24f5e18eb744458d4aaf86d42a823857bc134ac1d4be25c95d49cf3c984,718570af4bf7afa523d029dfddcf0f3dae9e554c9c6e26b744999df193956f72,799f39ad2cc347a7a59a3efbe14d6ff3eaaf9dc843219414dc36d3e0a75793a1,bf4e4f9052b7575dcb6bb506d73d9786f2906881a8a74425242aca11489a18dd,fc8699fb14c3db9ecafb50e7207fea9a3057d21217b38be972c6cf48ff28a3c9,fb519e51c5e427da315ba5660588f239fd9381a3a6ce299464a50a042d7b9e43,CNN3,,model,all-fc,independently sampled layers; no measured joint model trials; warmups excluded,critical_path_dpf_phase_b_us,sum of independently sampled layer means,1,"{""fc5"":10}",NA,complete,286831.1,286831.1,NA,NA,NA,NA,NA,283061.4025,290717.3,independent-layer stratified whole-observation-row bootstrap; 10000 resamples; seed=20260911; percentile 95% CI; R-7 endpoints; numeric rows sorted lexicographically without trial labels,not applicable: no measured joint model distribution,NA,NA,us,
ringlpn.two-party-fc-model-scale.statistics.v3,ringlpn.two-party-fc-model-scale.v6,2026-08-10,6bd5e24f5e18eb744458d4aaf86d42a823857bc134ac1d4be25c95d49cf3c984,718570af4bf7afa523d029dfddcf0f3dae9e554c9c6e26b744999df193956f72,799f39ad2cc347a7a59a3efbe14d6ff3eaaf9dc843219414dc36d3e0a75793a1,bf4e4f9052b7575dcb6bb506d73d9786f2906881a8a74425242aca11489a18dd,fc8699fb14c3db9ecafb50e7207fea9a3057d21217b38be972c6cf48ff28a3c9,fb519e51c5e427da315ba5660588f239fd9381a3a6ce299464a50a042d7b9e43,CNN3,,model,all-fc,independently sampled layers; no measured joint model trials; warmups excluded,critical_path_dpf_phase_c_us,sum of independently sampled layer means,1,"{""fc5"":10}",NA,complete,12601.06,12601.06,NA,NA,NA,NA,NA,12152.739,13091.93275,independent-layer stratified whole-observation-row bootstrap; 10000 resamples; seed=20260911; percentile 95% CI; R-7 endpoints; numeric rows sorted lexicographically without trial labels,not applicable: no measured joint model distribution,NA,NA,us,
ringlpn.two-party-fc-model-scale.statistics.v3,ringlpn.two-party-fc-model-scale.v6,2026-08-10,6bd5e24f5e18eb744458d4aaf86d42a823857bc134ac1d4be25c95d49cf3c984,718570af4bf7afa523d029dfddcf0f3dae9e554c9c6e26b744999df193956f72,799f39ad2cc347a7a59a3efbe14d6ff3eaaf9dc843219414dc36d3e0a75793a1,bf4e4f9052b7575dcb6bb506d73d9786f2906881a8a74425242aca11489a18dd,fc8699fb14c3db9ecafb50e7207fea9a3057d21217b38be972c6cf48ff28a3c9,fb519e51c5e427da315ba5660588f239fd9381a3a6ce299464a50a042d7b9e43,CNN3,,model,all-fc,independently sampled layers; no measured joint model trials; warmups excluded,critical_path_gpu_ringlpn_expansion_us,sum of independently sampled layer means,1,"{""fc5"":10}",NA,complete,159448,159448,NA,NA,NA,NA,NA,158755.0925,160273.9,independent-layer stratified whole-observation-row bootstrap; 10000 resamples; seed=20260911; percentile 95% CI; R-7 endpoints; numeric rows sorted lexicographically without trial labels,not applicable: no measured joint model distribution,NA,NA,us,
ringlpn.two-party-fc-model-scale.statistics.v3,ringlpn.two-party-fc-model-scale.v6,2026-08-10,6bd5e24f5e18eb744458d4aaf86d42a823857bc134ac1d4be25c95d49cf3c984,718570af4bf7afa523d029dfddcf0f3dae9e554c9c6e26b744999df193956f72,799f39ad2cc347a7a59a3efbe14d6ff3eaaf9dc843219414dc36d3e0a75793a1,bf4e4f9052b7575dcb6bb506d73d9786f2906881a8a74425242aca11489a18dd,fc8699fb14c3db9ecafb50e7207fea9a3057d21217b38be972c6cf48ff28a3c9,fb519e51c5e427da315ba5660588f239fd9381a3a6ce299464a50a042d7b9e43,CNN3,,model,all-fc,independently sampled layers; no measured joint model trials; warmups excluded,critical_path_ot_setup_us,sum of independently sampled layer means,1,"{""fc5"":10}",NA,complete,21317.12,21317.12,NA,NA,NA,NA,NA,20126.3645,22545.775,independent-layer stratified whole-observation-row bootstrap; 10000 resamples; seed=20260911; percentile 95% CI; R-7 endpoints; numeric rows sorted lexicographically without trial labels,not applicable: no measured joint model distribution,NA,NA,us,
ringlpn.two-party-fc-model-scale.statistics.v3,ringlpn.two-party-fc-model-scale.v6,2026-08-10,6bd5e24f5e18eb744458d4aaf86d42a823857bc134ac1d4be25c95d49cf3c984,718570af4bf7afa523d029dfddcf0f3dae9e554c9c6e26b744999df193956f72,799f39ad2cc347a7a59a3efbe14d6ff3eaaf9dc843219414dc36d3e0a75793a1,bf4e4f9052b7575dcb6bb506d73d9786f2906881a8a74425242aca11489a18dd,fc8699fb14c3db9ecafb50e7207fea9a3057d21217b38be972c6cf48ff28a3c9,fb519e51c5e427da315ba5660588f239fd9381a3a6ce299464a50a042d7b9e43,CNN3,,model,all-fc,independently sampled layers; no measured joint model trials; warmups excluded,critical_path_preflight_us,sum of independently sampled layer means,1,"{""fc5"":10}",NA,complete,85.713,85.713,NA,NA,NA,NA,NA,38.9367375,148.2524,independent-layer stratified whole-observation-row bootstrap; 10000 resamples; seed=20260911; percentile 95% CI; R-7 endpoints; numeric rows sorted lexicographically without trial labels,not applicable: no measured joint model distribution,NA,NA,us,
ringlpn.two-party-fc-model-scale.statistics.v3,ringlpn.two-party-fc-model-scale.v6,2026-08-10,6bd5e24f5e18eb744458d4aaf86d42a823857bc134ac1d4be25c95d49cf3c984,718570af4bf7afa523d029dfddcf0f3dae9e554c9c6e26b744999df193956f72,799f39ad2cc347a7a59a3efbe14d6ff3eaaf9dc843219414dc36d3e0a75793a1,bf4e4f9052b7575dcb6bb506d73d9786f2906881a8a74425242aca11489a18dd,fc8699fb14c3db9ecafb50e7207fea9a3057d21217b38be972c6cf48ff28a3c9,fb519e51c5e427da315ba5660588f239fd9381a3a6ce299464a50a042d7b9e43,CNN3,,model,all-fc,independently sampled layers; no measured joint model trials; warmups excluded,critical_path_preprocess_us,sum of independently sampled layer means,1,"{""fc5"":10}",NA,complete,882995,882995,NA,NA,NA,NA,NA,872213.2275,894082.8375,independent-layer stratified whole-observation-row bootstrap; 10000 resamples; seed=20260911; percentile 95% CI; R-7 endpoints; numeric rows sorted lexicographically without trial labels,not applicable: no measured joint model distribution,NA,NA,us,
ringlpn.two-party-fc-model-scale.statistics.v3,ringlpn.two-party-fc-model-scale.v6,2026-08-10,6bd5e24f5e18eb744458d4aaf86d42a823857bc134ac1d4be25c95d49cf3c984,718570af4bf7afa523d029dfddcf0f3dae9e554c9c6e26b744999df193956f72,799f39ad2cc347a7a59a3efbe14d6ff3eaaf9dc843219414dc36d3e0a75793a1,bf4e4f9052b7575dcb6bb506d73d9786f2906881a8a74425242aca11489a18dd,fc8699fb14c3db9ecafb50e7207fea9a3057d21217b38be972c6cf48ff28a3c9,fb519e51c5e427da315ba5660588f239fd9381a3a6ce299464a50a042d7b9e43,CNN3,,model,all-fc,independently sampled layers; no measured joint model trials; warmups excluded,critical_path_public_polynomial_exchange_us,sum of independently sampled layer means,1,"{""fc5"":10}",NA,complete,8122.571,8122.571,NA,NA,NA,NA,NA,7332.465925,8888.567375,independent-layer stratified whole-observation-row bootstrap; 10000 resamples; seed=20260911; percentile 95% CI; R-7 endpoints; numeric rows sorted lexicographically without trial labels,not applicable: no measured joint model distribution,NA,NA,us,"Legacy recorded key: joint public-seed setup once per layer (four seed-share words sent per party), plus local domain-separated SHAKE256 public-vector generation for every Ring-OLE; not coefficient-vector communication."
ringlpn.two-party-fc-model-scale.statistics.v3,ringlpn.two-party-fc-model-scale.v6,2026-08-10,6bd5e24f5e18eb744458d4aaf86d42a823857bc134ac1d4be25c95d49cf3c984,718570af4bf7afa523d029dfddcf0f3dae9e554c9c6e26b744999df193956f72,799f39ad2cc347a7a59a3efbe14d6ff3eaaf9dc843219414dc36d3e0a75793a1,bf4e4f9052b7575dcb6bb506d73d9786f2906881a8a74425242aca11489a18dd,fc8699fb14c3db9ecafb50e7207fea9a3057d21217b38be972c6cf48ff28a3c9,fb519e51c5e427da315ba5660588f239fd9381a3a6ce299464a50a042d7b9e43,CNN3,,model,all-fc,independently sampled layers; no measured joint model trials; warmups excluded,critical_path_serialization_us,sum of independently sampled layer means,1,"{""fc5"":10}",NA,complete,612.0989,612.0989,NA,NA,NA,NA,NA,532.7561825,706.592885,independent-layer stratified whole-observation-row bootstrap; 10000 resamples; seed=20260911; percentile 95% CI; R-7 endpoints; numeric rows sorted lexicographically without trial labels,not applicable: no measured joint model distribution,NA,NA,us,
ringlpn.two-party-fc-model-scale.statistics.v3,ringlpn.two-party-fc-model-scale.v6,2026-08-10,6bd5e24f5e18eb744458d4aaf86d42a823857bc134ac1d4be25c95d49cf3c984,718570af4bf7afa523d029dfddcf0f3dae9e554c9c6e26b744999df193956f72,799f39ad2cc347a7a59a3efbe14d6ff3eaaf9dc843219414dc36d3e0a75793a1,bf4e4f9052b7575dcb6bb506d73d9786f2906881a8a74425242aca11489a18dd,fc8699fb14c3db9ecafb50e7207fea9a3057d21217b38be972c6cf48ff28a3c9,fb519e51c5e427da315ba5660588f239fd9381a3a6ce299464a50a042d7b9e43,CNN3,,model,all-fc,independently sampled layers; no measured joint model trials; warmups excluded,critical_path_setup_included_us,sum of independently sampled layer means,1,"{""fc5"":10}",NA,complete,903894.393,903894.393,NA,NA,NA,NA,NA,892967.3378725,915279.9675375,independent-layer stratified whole-observation-row bootstrap; 10000 resamples; seed=20260911; percentile 95% CI; R-7 endpoints; numeric rows sorted lexicographically without trial labels,not applicable: no measured joint model distribution,NA,NA,us,
ringlpn.two-party-fc-model-scale.statistics.v3,ringlpn.two-party-fc-model-scale.v6,2026-08-10,6bd5e24f5e18eb744458d4aaf86d42a823857bc134ac1d4be25c95d49cf3c984,718570af4bf7afa523d029dfddcf0f3dae9e554c9c6e26b744999df193956f72,799f39ad2cc347a7a59a3efbe14d6ff3eaaf9dc843219414dc36d3e0a75793a1,bf4e4f9052b7575dcb6bb506d73d9786f2906881a8a74425242aca11489a18dd,fc8699fb14c3db9ecafb50e7207fea9a3057d21217b38be972c6cf48ff28a3c9,fb519e51c5e427da315ba5660588f239fd9381a3a6ce299464a50a042d7b9e43,CNN3,,model,all-fc,independently sampled layers; no measured joint model trials; warmups excluded,critical_path_spfss_grouping_us,sum of independently sampled layer means,1,"{""fc5"":10}",NA,complete,224.7908,224.7908,NA,NA,NA,NA,NA,217.9328,230.78644,independent-layer stratified whole-observation-row bootstrap; 10000 resamples; seed=20260911; percentile 95% CI; R-7 endpoints; numeric rows sorted lexicographically without trial labels,not applicable: no measured joint model distribution,NA,NA,us,
ringlpn.two-party-fc-model-scale.statistics.v3,ringlpn.two-party-fc-model-scale.v6,2026-08-10,6bd5e24f5e18eb744458d4aaf86d42a823857bc134ac1d4be25c95d49cf3c984,718570af4bf7afa523d029dfddcf0f3dae9e554c9c6e26b744999df193956f72,799f39ad2cc347a7a59a3efbe14d6ff3eaaf9dc843219414dc36d3e0a75793a1,bf4e4f9052b7575dcb6bb506d73d9786f2906881a8a74425242aca11489a18dd,fc8699fb14c3db9ecafb50e7207fea9a3057d21217b38be972c6cf48ff28a3c9,fb519e51c5e427da315ba5660588f239fd9381a3a6ce299464a50a042d7b9e43,CNN3,,model,all-fc,independently sampled layers; no measured joint model trials; warmups excluded,matched_dealer_keygen_us,sum of independently sampled layer means,1,"{""fc5"":10}",NA,complete,14921.46,14921.46,NA,NA,NA,NA,NA,14739.41,15101.48475,independent-layer stratified whole-observation-row bootstrap; 10000 resamples; seed=20260911; percentile 95% CI; R-7 endpoints; numeric rows sorted lexicographically without trial labels,not applicable: no measured joint model distribution,NA,NA,us,
ringlpn.two-party-fc-model-scale.statistics.v3,ringlpn.two-party-fc-model-scale.v6,2026-08-10,6bd5e24f5e18eb744458d4aaf86d42a823857bc134ac1d4be25c95d49cf3c984,718570af4bf7afa523d029dfddcf0f3dae9e554c9c6e26b744999df193956f72,799f39ad2cc347a7a59a3efbe14d6ff3eaaf9dc843219414dc36d3e0a75793a1,bf4e4f9052b7575dcb6bb506d73d9786f2906881a8a74425242aca11489a18dd,fc8699fb14c3db9ecafb50e7207fea9a3057d21217b38be972c6cf48ff28a3c9,fb519e51c5e427da315ba5660588f239fd9381a3a6ce299464a50a042d7b9e43,CNN3,,model,all-fc,independently sampled layers; no measured joint model trials; warmups excluded,party0_preprocess_us,sum of independently sampled layer means,1,"{""fc5"":10}",NA,complete,882991.7,882991.7,NA,NA,NA,NA,NA,872211.2475,894078.9675,independent-layer stratified whole-observation-row bootstrap; 10000 resamples; seed=20260911; percentile 95% CI; R-7 endpoints; numeric rows sorted lexicographically without trial labels,not applicable: no measured joint model distribution,NA,NA,us,
ringlpn.two-party-fc-model-scale.statistics.v3,ringlpn.two-party-fc-model-scale.v6,2026-08-10,6bd5e24f5e18eb744458d4aaf86d42a823857bc134ac1d4be25c95d49cf3c984,718570af4bf7afa523d029dfddcf0f3dae9e554c9c6e26b744999df193956f72,799f39ad2cc347a7a59a3efbe14d6ff3eaaf9dc843219414dc36d3e0a75793a1,bf4e4f9052b7575dcb6bb506d73d9786f2906881a8a74425242aca11489a18dd,fc8699fb14c3db9ecafb50e7207fea9a3057d21217b38be972c6cf48ff28a3c9,fb519e51c5e427da315ba5660588f239fd9381a3a6ce299464a50a042d7b9e43,CNN3,,model,all-fc,independently sampled layers; no measured joint model trials; warmups excluded,party1_preprocess_us,sum of independently sampled layer means,1,"{""fc5"":10}",NA,complete,882493.5,882493.5,NA,NA,NA,NA,NA,871633.6825,893484.2775,independent-layer stratified whole-observation-row bootstrap; 10000 resamples; seed=20260911; percentile 95% CI; R-7 endpoints; numeric rows sorted lexicographically without trial labels,not applicable: no measured joint model distribution,NA,NA,us,
ringlpn.two-party-fc-model-scale.statistics.v3,ringlpn.two-party-fc-model-scale.v6,2026-08-10,6bd5e24f5e18eb744458d4aaf86d42a823857bc134ac1d4be25c95d49cf3c984,718570af4bf7afa523d029dfddcf0f3dae9e554c9c6e26b744999df193956f72,799f39ad2cc347a7a59a3efbe14d6ff3eaaf9dc843219414dc36d3e0a75793a1,bf4e4f9052b7575dcb6bb506d73d9786f2906881a8a74425242aca11489a18dd,fc8699fb14c3db9ecafb50e7207fea9a3057d21217b38be972c6cf48ff28a3c9,fb519e51c5e427da315ba5660588f239fd9381a3a6ce299464a50a042d7b9e43,CNN3,,model,all-fc,independently sampled layers; no measured joint model trials; warmups excluded,preprocess_over_matched_dealer_ratio_of_summed_layer_means,ratio of sums of independently sampled layer means,1,"{""fc5"":10}",NA,complete,59.176179810822801522103064981576869823730385632505,NA,NA,NA,NA,NA,NA,57.981133375931981842142978979509153472338047998426,60.419276314522103680238528872905448213105573114124,independent-layer stratified whole-observation-row bootstrap; 10000 resamples; seed=20260911; percentile 95% CI; R-7 endpoints; numeric rows sorted lexicographically without trial labels,not applicable: no measured joint model distribution,NA,NA,ratio,
ringlpn.two-party-fc-model-scale.statistics.v3,ringlpn.two-party-fc-model-scale.v6,2026-08-10,6bd5e24f5e18eb744458d4aaf86d42a823857bc134ac1d4be25c95d49cf3c984,718570af4bf7afa523d029dfddcf0f3dae9e554c9c6e26b744999df193956f72,799f39ad2cc347a7a59a3efbe14d6ff3eaaf9dc843219414dc36d3e0a75793a1,bf4e4f9052b7575dcb6bb506d73d9786f2906881a8a74425242aca11489a18dd,fc8699fb14c3db9ecafb50e7207fea9a3057d21217b38be972c6cf48ff28a3c9,fb519e51c5e427da315ba5660588f239fd9381a3a6ce299464a50a042d7b9e43,CNN3,,model,all-fc,independently sampled layers; no measured joint model trials; warmups excluded,protocol_dependency_rounds,sum of independently sampled layer means,1,"{""fc5"":10}",NA,complete,1663,1663,NA,NA,NA,NA,NA,1663,1663,independent-layer stratified whole-observation-row bootstrap; 10000 resamples; seed=20260911; percentile 95% CI; R-7 endpoints; numeric rows sorted lexicographically without trial labels,not applicable: no measured joint model distribution,NA,NA,rounds,
ringlpn.two-party-fc-model-scale.statistics.v3,ringlpn.two-party-fc-model-scale.v6,2026-08-10,6bd5e24f5e18eb744458d4aaf86d42a823857bc134ac1d4be25c95d49cf3c984,718570af4bf7afa523d029dfddcf0f3dae9e554c9c6e26b744999df193956f72,799f39ad2cc347a7a59a3efbe14d6ff3eaaf9dc843219414dc36d3e0a75793a1,bf4e4f9052b7575dcb6bb506d73d9786f2906881a8a74425242aca11489a18dd,fc8699fb14c3db9ecafb50e7207fea9a3057d21217b38be972c6cf48ff28a3c9,fb519e51c5e427da315ba5660588f239fd9381a3a6ce299464a50a042d7b9e43,CNN3,,model,all-fc,independently sampled layers; no measured joint model trials; warmups excluded,public_a_seed_words_total,sum of independently sampled layer means,1,"{""fc5"":10}",NA,complete,8,8,NA,NA,NA,NA,NA,8,8,independent-layer stratified whole-observation-row bootstrap; 10000 resamples; seed=20260911; percentile 95% CI; R-7 endpoints; numeric rows sorted lexicographically without trial labels,not applicable: no measured joint model distribution,NA,NA,uint64_words,
ringlpn.two-party-fc-model-scale.statistics.v3,ringlpn.two-party-fc-model-scale.v6,2026-08-10,6bd5e24f5e18eb744458d4aaf86d42a823857bc134ac1d4be25c95d49cf3c984,718570af4bf7afa523d029dfddcf0f3dae9e554c9c6e26b744999df193956f72,799f39ad2cc347a7a59a3efbe14d6ff3eaaf9dc843219414dc36d3e0a75793a1,bf4e4f9052b7575dcb6bb506d73d9786f2906881a8a74425242aca11489a18dd,fc8699fb14c3db9ecafb50e7207fea9a3057d21217b38be972c6cf48ff28a3c9,fb519e51c5e427da315ba5660588f239fd9381a3a6ce299464a50a042d7b9e43,CNN3,,model,all-fc,independently sampled layers; no measured joint model trials; warmups excluded,setup_included_preprocess_over_matched_dealer_ratio_of_summed_layer_means,ratio of sums of independently sampled layer means,1,"{""fc5"":10}",NA,complete,60.576806358090964289017294554286242767128685798843,NA,NA,NA,NA,NA,NA,59.34188466880949158892313134392089298262576035917,61.876443765612525547994143165037432497523685743597,independent-layer stratified whole-observation-row bootstrap; 10000 resamples; seed=20260911; percentile 95% CI; R-7 endpoints; numeric rows sorted lexicographically without trial labels,not applicable: no measured joint model distribution,NA,NA,ratio,
ringlpn.two-party-fc-model-scale.statistics.v3,ringlpn.two-party-fc-model-scale.v6,2026-08-10,6bd5e24f5e18eb744458d4aaf86d42a823857bc134ac1d4be25c95d49cf3c984,718570af4bf7afa523d029dfddcf0f3dae9e554c9c6e26b744999df193956f72,799f39ad2cc347a7a59a3efbe14d6ff3eaaf9dc843219414dc36d3e0a75793a1,bf4e4f9052b7575dcb6bb506d73d9786f2906881a8a74425242aca11489a18dd,fc8699fb14c3db9ecafb50e7207fea9a3057d21217b38be972c6cf48ff28a3c9,fb519e51c5e427da315ba5660588f239fd9381a3a6ce299464a50a042d7b9e43,CNN3,,model,all-fc,independently sampled layers; no measured joint model trials; warmups excluded,transport_bytes_total_including_base_ot,sum of independently sampled layer means,1,"{""fc5"":10}",NA,complete,39476484,39476484,NA,NA,NA,NA,NA,39476484,39476484,independent-layer stratified whole-observation-row bootstrap; 10000 resamples; seed=20260911; percentile 95% CI; R-7 endpoints; numeric rows sorted lexicographically without trial labels,not applicable: no measured joint model distribution,NA,NA,bytes,
