device,n,logn,requested_qbits,actual_qbits,batch_size,iters,validation,ntt_mean_us,ntt_std_us,intt_mean_us,intt_std_us,poly_mul_mean_us,poly_mul_std_us,correct
cuda,8192,13,32,30,64,400,pass,26.7769,0.485434,25.9246,0.412824,79.6276,0.586183,1
cuda,16384,14,32,30,64,400,pass,51.8623,0.643659,50.4834,0.40515,155.992,0.926859,1
cuda,32768,15,32,30,64,400,pass,100.302,1.44267,99.8886,1.14242,306.232,3.30023,1
cuda,65536,16,32,30,16,200,pass,14.0056,0.549133,13.2656,0.36377,42.2595,0.687291,1
cuda,131072,17,32,30,16,200,pass,96.6122,0.590626,99.3035,0.531354,298.463,0.846538,1
cuda,262144,18,32,30,8,80,pass,110.216,0.781965,112.384,0.629585,337.991,1.17299,1
cuda,524288,19,32,30,4,30,pass,105.022,0.655853,104.251,0.493055,320.102,1.00697,1
cuda,1048576,20,32,30,2,10,pass,109.05,0.941671,109.437,0.595828,332.762,1.35959,1
