device,n,logn,requested_qbits,actual_qbits,batch_size,iters,validation,ntt_mean_us,ntt_std_us,intt_mean_us,intt_std_us,poly_mul_mean_us,poly_mul_std_us,correct
cuda,8192,13,64,62,64,400,pass,86.1166,0.640179,82.5124,0.491176,253.654,0.996211,1
cuda,16384,14,64,62,64,400,pass,103.02,1.77657,100.905,1.57111,311.081,4.22702,1
cuda,32768,15,64,62,64,400,pass,157.157,1.14146,146.257,1.08122,465.788,2.47111,1
cuda,65536,16,64,62,16,200,pass,47.8032,1.48112,40.4376,1.4028,140.357,4.39913,1
cuda,131072,17,64,62,16,200,pass,155.839,2.22884,144.325,1.90689,460.117,5.94174,1
cuda,262144,18,64,62,8,80,pass,153.63,0.835635,143.456,0.687143,456.098,1.00864,1
cuda,524288,19,64,62,4,30,pass,156.621,1.01803,143.51,0.777415,462.271,1.4183,1
cuda,1048576,20,64,62,2,10,pass,167.523,0.997809,151.149,0.81925,488.858,1.23603,1
